name,R_N,R_Lambda,Lam_min,Lam_max,R_M,R_P,M_S_1,M_S_2,M_S_3,M_S_4,M_S_5,M_S_6,M_S_7,M_S_8,M_S_9,M_S_10,M_S_11,M_S_12,P_S_1,P_S_2,P_S_3,P_S_4,P_S_5,P_S_6,P_S_7,P_S_8,P_S_9,P_S_10,P_S_11,P_S_12,M_U_1,M_U_2,M_U_3,M_U_4,M_U_5,M_U_6,M_U_7,M_U_8,M_U_9,M_U_10,M_U_11,M_U_12,P_U_1,P_U_2,P_U_3,P_U_4,P_U_5,P_U_6,P_U_7,P_U_8,P_U_9,P_U_10,P_U_11,P_U_12
patient228_0,0,0,-1,-1,0,0,0.001603825,0.000913457,0.001528486,0.001020726,0.001490141,0.001067305,0.001410673,0.002031328,0.001655151,0.001636651,0.002139462,0.000990384,0.016001321,0.005333774,0,0,0.016001321,0.005333774,0.005333774,0.005333774,0.005333774,0.016001321,0.010667547,0.010667547,nan,nan,nan,nan,nan,nan,nan,nan,nan,nan,nan,nan,nan,nan,nan,nan,nan,nan,nan,nan,nan,nan,nan,nan
patient228_1,0,0,-1,-1,0,0,0.001572879,0.000842032,0.001510115,0.001008981,0.001457716,0.001007927,0.001461338,0.001920815,0.001640296,0.001706251,0.002085413,0.000985211,0.005288877,0.010577753,0.005288877,0.005288877,0.005288877,0.005288877,0.005288877,0.005288877,0,0.005288877,0.005288877,0.005288877,nan,nan,nan,nan,nan,nan,nan,nan,nan,nan,nan,nan,nan,nan,nan,nan,nan,nan,nan,nan,nan,nan,nan,nan
patient228_2,0,0,-1,-1,0,0,0.001644754,0.000825664,0.001480867,0.001079738,0.001479814,0.000968372,0.001493165,0.001868373,0.00150943,0.001819797,0.002216891,0.001040772,0.005297795,0.005297795,0,0,0.005297795,0,0,0,0,0,0.005297795,0.005297795,nan,nan,nan,nan,nan,nan,nan,nan,nan,nan,nan,nan,nan,nan,nan,nan,nan,nan,nan,nan,nan,nan,nan,nan
patient228_3,0,0,-1,-1,0,0,0.001542372,0.000827701,0.001479253,0.001011279,0.001419302,0.000973602,0.001464357,0.002009064,0.001701696,0.001623467,0.002069832,0.000976145,0.010703893,0.010703893,0.010703893,0.005351947,0.005351947,0.010703893,0.010703893,0.010703893,0.010703893,0.010703893,0,0,nan,nan,nan,nan,nan,nan,nan,nan,nan,nan,nan,nan,nan,nan,nan,nan,nan,nan,nan,nan,nan,nan,nan,nan
patient228_4,0,0,-1,-1,0,0,0.001538678,0.000719861,0.001481861,0.000952266,0.001446821,0.000937181,0.001578889,0.002050454,0.001624773,0.001630614,0.002131567,0.000999957,0.005324733,0.005324733,0.005324733,0,0.005324733,0.005324733,0.005324733,0.005324733,0.005324733,0.010649467,0.010649467,0.010649467,nan,nan,nan,nan,nan,nan,nan,nan,nan,nan,nan,nan,nan,nan,nan,nan,nan,nan,nan,nan,nan,nan,nan,nan
patient228_5,0,0,-1,-1,0,0,0.001459958,0.000724055,0.001412738,0.000920961,0.001370383,0.000914457,0.001538162,0.001878596,0.001662654,0.00176451,0.002194647,0.00102093,0.010631447,0.010631447,0.005315724,0.005315724,0.010631447,0.005315724,0,0,0.005315724,0.005315724,0,0.005315724,nan,nan,nan,nan,nan,nan,nan,nan,nan,nan,nan,nan,nan,nan,nan,nan,nan,nan,nan,nan,nan,nan,nan,nan
patient228_6,0,0,-1,-1,0,0,0.001591262,0.000811302,0.001542399,0.001008063,0.001499587,0.000978346,0.001566823,0.001950622,0.001702573,0.001851046,0.002145114,0.001036247,0.005370244,0,0,0.005370244,0.005370244,0,0.005370244,0.005370244,0.005370244,0.005370244,0.005370244,0.005370244,nan,nan,nan,nan,nan,nan,nan,nan,nan,nan,nan,nan,nan,nan,nan,nan,nan,nan,nan,nan,nan,nan,nan,nan
patient228_7,0,0,-1,-1,0,0,0.00146237,0.000760692,0.001457553,0.000929594,0.001401147,0.000945908,0.001475537,0.001990199,0.001689369,0.001660509,0.0021274,0.001023587,0,0,0.010649467,0.010649467,0,0.005324733,0.005324733,0.005324733,0,0,0,0,nan,nan,nan,nan,nan,nan,nan,nan,nan,nan,nan,nan,nan,nan,nan,nan,nan,nan,nan,nan,nan,nan,nan,nan
patient228_8,0,0,-1,-1,0,0,0.001499303,0.000782373,0.001597669,0.000897648,0.00149338,0.001038789,0.001422333,0.001899206,0.001611593,0.001720592,0.002148753,0.001007763,0.010667547,0.010667547,0.005333774,0.010667547,0.010667547,0.005333774,0.005333774,0.005333774,0.005333774,0.010667547,0.010667547,0.010667547,nan,nan,nan,nan,nan,nan,nan,nan,nan,nan,nan,nan,nan,nan,nan,nan,nan,nan,nan,nan,nan,nan,nan,nan
patient228_9,0,0,-1,-1,0,0,0.001462374,0.000762946,0.001525252,0.000901275,0.001431643,0.000994104,0.001488097,0.001996101,0.001634724,0.001764849,0.002169948,0.000985967,0.005342845,0.005342845,0.005342845,0.005342845,0.005342845,0.005342845,0.005342845,0,0,0,0.005342845,0.010685689,nan,nan,nan,nan,nan,nan,nan,nan,nan,nan,nan,nan,nan,nan,nan,nan,nan,nan,nan,nan,nan,nan,nan,nan
patient228_10,0,0,-1,-1,0,0,0.001437884,0.000785437,0.001576836,0.000864086,0.001450833,0.001036338,0.001414105,0.001862396,0.001747734,0.00177508,0.002201141,0.001003648,0.005324733,0,0,0.005324733,0.010649467,0,0.010649467,0.010649467,0.010649467,0.010649467,0.005324733,0.005324733,nan,nan,nan,nan,nan,nan,nan,nan,nan,nan,nan,nan,nan,nan,nan,nan,nan,nan,nan,nan,nan,nan,nan,nan
patient228_11,0,0,-1,-1,0,0,0.001438624,0.000699268,0.001434943,0.000887291,0.001373526,0.000915807,0.00151031,0.002032372,0.001700856,0.001737781,0.002095542,0.000956683,0.010685689,0.010685689,0.010685689,0.016028534,0.010685689,0.010685689,0.010685689,0.005342845,0.005342845,0,0.005342845,0.005342845,nan,nan,nan,nan,nan,nan,nan,nan,nan,nan,nan,nan,nan,nan,nan,nan,nan,nan,nan,nan,nan,nan,nan,nan
patient228_12,0,0,-1,-1,0,0,0.001539473,0.000724548,0.001611655,0.000901271,0.001517578,0.001021061,0.001467524,0.002063214,0.001632905,0.001665075,0.00216012,0.001039709,0.015893386,0,0,0,0.015893386,0,0.005297795,0.005297795,0.005297795,0.015893386,0.015893386,0.015893386,nan,nan,nan,nan,nan,nan,nan,nan,nan,nan,nan,nan,nan,nan,nan,nan,nan,nan,nan,nan,nan,nan,nan,nan
patient228_13,0,0,-1,-1,0,0,0.001415721,0.000773537,0.001495873,0.000872097,0.00138715,0.000974022,0.001482956,0.001986568,0.001759334,0.0018357,0.002225071,0.001010736,0.010703893,0.01605584,0.010703893,0,0.005351947,0.010703893,0.005351947,0.01605584,0.01605584,0.01605584,0.01605584,0.01605584,nan,nan,nan,nan,nan,nan,nan,nan,nan,nan,nan,nan,nan,nan,nan,nan,nan,nan,nan,nan,nan,nan,nan,nan
patient208_0,0,0,-1,-1,0,0,0.001148673,0.001174251,0.000674343,0.001095966,0.000757688,0.000777188,0.001890208,0.002804921,0.002180435,0.001427721,0.001840436,0.001404952,0.005388667,0,0,0.016166,0.010777333,0,0.010777333,0.010777333,0.010777333,0.016166,0.010777333,0.005388667,nan,nan,nan,nan,nan,nan,nan,nan,nan,nan,nan,nan,nan,nan,nan,nan,nan,nan,nan,nan,nan,nan,nan,nan
patient208_1,0,0,-1,-1,0,0,0.001104884,0.001117974,0.000748312,0.001028565,0.000775363,0.000808181,0.001832596,0.002809457,0.00221789,0.001465366,0.001774485,0.00136643,0.005425894,0.005425894,0,0,0.005425894,0.005425894,0,0,0,0,0.005425894,0.005425894,nan,nan,nan,nan,nan,nan,nan,nan,nan,nan,nan,nan,nan,nan,nan,nan,nan,nan,nan,nan,nan,nan,nan,nan
patient208_2,0,0,-1,-1,0,0,0.001015446,0.001031897,0.000740782,0.00094687,0.000720723,0.000755084,0.001888332,0.002871067,0.002220337,0.001415167,0.001821816,0.001388001,0.005379439,0.005379439,0.005379439,0.005379439,0.005379439,0.005379439,0.005379439,0.005379439,0,0,0.005379439,0.005379439,nan,nan,nan,nan,nan,nan,nan,nan,nan,nan,nan,nan,nan,nan,nan,nan,nan,nan,nan,nan,nan,nan,nan,nan
patient208_3,0,0,-1,-1,0,0,0.001022268,0.001051626,0.000746687,0.000948001,0.000732532,0.00077391,0.002025075,0.003097853,0.002389263,0.001509641,0.001816535,0.001382808,0.00536108,0.00536108,0.010722159,0.00536108,0,0.00536108,0.00536108,0.00536108,0.00536108,0.00536108,0,0.00536108,nan,nan,nan,nan,nan,nan,nan,nan,nan,nan,nan,nan,nan,nan,nan,nan,nan,nan,nan,nan,nan,nan,nan,nan
patient208_4,0,0,-1,-1,0,0,0.001092675,0.001100805,0.000747677,0.001020903,0.000780556,0.000763483,0.001886022,0.002901137,0.002237122,0.001440663,0.001747375,0.001308155,0.010758879,0.010758879,0.010758879,0,0,0.010758879,0.005379439,0.005379439,0,0,0.010758879,0.010758879,nan,nan,nan,nan,nan,nan,nan,nan,nan,nan,nan,nan,nan,nan,nan,nan,nan,nan,nan,nan,nan,nan,nan,nan
patient208_5,0,0,-1,-1,0,0,0.001077354,0.001119082,0.000711098,0.001030603,0.000744757,0.000764128,0.001957724,0.003009184,0.00226227,0.001463707,0.001845716,0.001392495,0,0.005370244,0.005370244,0,0,0.005370244,0.005370244,0.005370244,0.005370244,0.005370244,0.005370244,0.005370244,nan,nan,nan,nan,nan,nan,nan,nan,nan,nan,nan,nan,nan,nan,nan,nan,nan,nan,nan,nan,nan,nan,nan,nan
patient208_6,0,0,-1,-1,0,0,0.001067638,0.001121874,0.000773364,0.00101287,0.000761722,0.000811626,0.001903468,0.002841972,0.002238628,0.001451337,0.001818417,0.001317932,0.010777333,0.016166,0.010777333,0,0.005388667,0.016166,0.010777333,0.010777333,0.010777333,0.010777333,0.016166,0.010777333,nan,nan,nan,nan,nan,nan,nan,nan,nan,nan,nan,nan,nan,nan,nan,nan,nan,nan,nan,nan,nan,nan,nan,nan
patient208_7,0,0,-1,-1,0,nan,0.001171087,0.001148784,0.000793068,0.001078977,0.000830427,0.000798282,0.001903713,0.002880657,0.002199931,0.001462256,0.001789856,0.001382456,0,0,0,0,0,0,0,0,0,0,0,0,nan,nan,nan,nan,nan,nan,nan,nan,nan,nan,nan,nan,nan,nan,nan,nan,nan,nan,nan,nan,nan,nan,nan,nan
patient208_8,0,0,-1,-1,0,0,0.001086542,0.001131403,0.000735017,0.001032071,0.000756019,0.000790761,0.001902102,0.002815519,0.002100718,0.001395582,0.001808637,0.001407193,0.010740488,0.010740488,0.010740488,0.005370244,0.005370244,0.010740488,0,0.005370244,0.010740488,0.016110732,0.010740488,0.005370244,nan,nan,nan,nan,nan,nan,nan,nan,nan,nan,nan,nan,nan,nan,nan,nan,nan,nan,nan,nan,nan,nan,nan,nan
patient208_9,0,0,-1,-1,0,0,0.001078327,0.001092846,0.000729313,0.00100305,0.000765644,0.000776895,0.001924858,0.002825558,0.00221728,0.001429322,0.001791077,0.001363016,0.005388667,0.005388667,0.005388667,0,0.005388667,0.005388667,0,0,0,0,0.005388667,0.005388667,nan,nan,nan,nan,nan,nan,nan,nan,nan,nan,nan,nan,nan,nan,nan,nan,nan,nan,nan,nan,nan,nan,nan,nan
patient208_10,0,0,-1,-1,0,0,0.000963637,0.001034056,0.000743439,0.00092496,0.00069143,0.000765996,0.001909363,0.002897182,0.002248467,0.001459127,0.001684693,0.001306011,0,0,0.005379439,0.010758879,0.005379439,0,0.010758879,0.010758879,0.010758879,0,0,0,nan,nan,nan,nan,nan,nan,nan,nan,nan,nan,nan,nan,nan,nan,nan,nan,nan,nan,nan,nan,nan,nan,nan,nan
patient208_11,0,0,-1,-1,0,0,0.001039334,0.001086135,0.000727402,0.000990458,0.000724135,0.000766011,0.001973223,0.002906176,0.002192326,0.001369919,0.001813477,0.0013946,0.005351947,0.005351947,0.005351947,0,0.005351947,0.005351947,0,0,0,0,0.005351947,0.005351947,nan,nan,nan,nan,nan,nan,nan,nan,nan,nan,nan,nan,nan,nan,nan,nan,nan,nan,nan,nan,nan,nan,nan,nan
patient208_12,0,0,-1,-1,0,0,0.001066195,0.001098586,0.000773017,0.001006662,0.0007647,0.00078756,0.001996516,0.003013437,0.002285841,0.001568441,0.001803346,0.00139597,0,0,0.010758879,0.010758879,0,0,0.010758879,0.010758879,0.010758879,0.005379439,0,0,nan,nan,nan,nan,nan,nan,nan,nan,nan,nan,nan,nan,nan,nan,nan,nan,nan,nan,nan,nan,nan,nan,nan,nan
patient208_13,0,0,-1,-1,0,0,0.001058497,0.001115569,0.000727746,0.001017088,0.000749941,0.00077422,0.001855567,0.002837718,0.002215079,0.001445287,0.001715312,0.001271797,0.010758879,0.010758879,0.010758879,0.010758879,0.005379439,0.010758879,0.021517758,0.021517758,0.021517758,0.016138318,0.010758879,0.005379439,nan,nan,nan,nan,nan,nan,nan,nan,nan,nan,nan,nan,nan,nan,nan,nan,nan,nan,nan,nan,nan,nan,nan,nan
patient209_0,0,0,-1,-1,0,0,0.001109275,0.001232953,0.000882484,0.001070954,0.000776411,0.000936534,0.001945762,0.002299039,0.001721029,0.001318258,0.002240751,0.00182743,0.010631447,0.010631447,0.010631447,0.005315724,0.005315724,0.010631447,0.005315724,0.005315724,0.005315724,0.010631447,0.010631447,0.005315724,nan,nan,nan,nan,nan,nan,nan,nan,nan,nan,nan,nan,nan,nan,nan,nan,nan,nan,nan,nan,nan,nan,nan,nan
patient209_1,0,0,-1,-1,0,0,0.001153094,0.001285259,0.000861761,0.001117028,0.00081535,0.000938934,0.001989398,0.002060954,0.001519471,0.001303371,0.002256479,0.001834214,0.005306744,0.005306744,0.005306744,0.005306744,0.005306744,0.005306744,0.005306744,0.010613489,0.010613489,0.005306744,0,0,nan,nan,nan,nan,nan,nan,nan,nan,nan,nan,nan,nan,nan,nan,nan,nan,nan,nan,nan,nan,nan,nan,nan,nan
patient209_2,0,0,-1,-1,0,0,0.001114627,0.00118422,0.000757734,0.001052404,0.000800191,0.000840746,0.001834167,0.002068869,0.001653876,0.001346349,0.002198568,0.001816395,0.005279988,0.005279988,0.005279988,0,0.005279988,0.005279988,0,0,0,0,0.005279988,0.005279988,nan,nan,nan,nan,nan,nan,nan,nan,nan,nan,nan,nan,nan,nan,nan,nan,nan,nan,nan,nan,nan,nan,nan,nan
patient209_3,0,0,-1,-1,0,0,0.001013744,0.001183814,0.00090654,0.000974049,0.000789021,0.000925496,0.001901758,0.002326972,0.001749896,0.001329381,0.00216749,0.001740576,0.005351947,0.010703893,0.010703893,0.005351947,0.010703893,0.010703893,0.005351947,0.005351947,0.005351947,0.010703893,0.01605584,0.01605584,nan,nan,nan,nan,nan,nan,nan,nan,nan,nan,nan,nan,nan,nan,nan,nan,nan,nan,nan,nan,nan,nan,nan,nan
patient209_4,0,0,-1,-1,0,0,0.001068846,0.001177521,0.000828891,0.001016495,0.000790106,0.000871563,0.002114007,0.002263487,0.001725272,0.001345191,0.002101436,0.001638182,0.010613489,0.010613489,0.010613489,0.010613489,0.005306744,0.010613489,0.010613489,0.010613489,0.010613489,0.010613489,0.010613489,0.010613489,nan,nan,nan,nan,nan,nan,nan,nan,nan,nan,nan,nan,nan,nan,nan,nan,nan,nan,nan,nan,nan,nan,nan,nan
patient209_5,0,0,-1,-1,0,0,0.000950101,0.001074777,0.000894406,0.000898291,0.000753322,0.000864766,0.002003786,0.002288505,0.001759197,0.00131214,0.002159468,0.001749359,0.010649467,0.010649467,0.010649467,0,0.005324733,0.010649467,0,0,0,0,0.010649467,0.010649467,nan,nan,nan,nan,nan,nan,nan,nan,nan,nan,nan,nan,nan,nan,nan,nan,nan,nan,nan,nan,nan,nan,nan,nan
patient209_6,0,0,-1,-1,0,0,0.001127342,0.001240651,0.000821687,0.001089191,0.000779916,0.000913477,0.002016312,0.002192799,0.00162069,0.001231755,0.002248643,0.001819511,0,0,0,0.010613489,0,0,0.010613489,0.010613489,0.010613489,0.005306744,0,0,nan,nan,nan,nan,nan,nan,nan,nan,nan,nan,nan,nan,nan,nan,nan,nan,nan,nan,nan,nan,nan,nan,nan,nan
patient209_7,0,0,-1,-1,0,0,0.001044891,0.001097447,0.000813155,0.000967152,0.00077494,0.000816806,0.00194881,0.002113397,0.00166786,0.001318736,0.002172875,0.001764972,0.005315724,0.005315724,0.005315724,0,0.005315724,0.005315724,0,0,0,0,0.005315724,0.005315724,nan,nan,nan,nan,nan,nan,nan,nan,nan,nan,nan,nan,nan,nan,nan,nan,nan,nan,nan,nan,nan,nan,nan,nan
patient209_8,0,0,-1,-1,0,0,0.001083404,0.001185969,0.001198755,0.000960214,0.000957265,0.001077943,0.001843304,0.002039181,0.001668905,0.001443073,0.002205063,0.001684599,0.010631447,0.010631447,0.015947171,0.005315724,0.005315724,0.010631447,0.005315724,0,0,0.010631447,0.010631447,0.010631447,nan,nan,nan,nan,nan,nan,nan,nan,nan,nan,nan,nan,nan,nan,nan,nan,nan,nan,nan,nan,nan,nan,nan,nan
patient209_9,0,0,-1,-1,0,0,0.001002454,0.001144195,0.000878695,0.000961127,0.000735314,0.000905983,0.002062403,0.002390685,0.001794551,0.001318854,0.002219331,0.001810646,0.005324733,0.010649467,0.010649467,0.005324733,0,0.010649467,0.005324733,0,0,0,0.010649467,0.010649467,nan,nan,nan,nan,nan,nan,nan,nan,nan,nan,nan,nan,nan,nan,nan,nan,nan,nan,nan,nan,nan,nan,nan,nan
patient209_10,0,0,-1,-1,0,0,0.001154678,0.00128839,0.000859797,0.001108694,0.000786132,0.000959638,0.002021386,0.002214724,0.0016255,0.001256528,0.002241759,0.001765951,0,0.005315724,0.005315724,0.005315724,0,0.005315724,0.005315724,0.005315724,0,0,0.005315724,0,nan,nan,nan,nan,nan,nan,nan,nan,nan,nan,nan,nan,nan,nan,nan,nan,nan,nan,nan,nan,nan,nan,nan,nan
patient209_11,0.003395586,0.003443857,-1,1.000135838,0.030754601,0,0.001025301,0.00110126,0.000792141,0.000966156,0.000736489,0.000827373,0.001935638,0.002247639,0.001680908,0.001307093,0.002160317,0.001734558,0,0,0,0.01605584,0,0,0.01605584,0.010703893,0.010703893,0.010703893,0,0,0.007993771,0.011512864,0.004826215,0.009570243,0.003236572,0.007865789,0.024640685,0.026930843,0.019463102,0.007124349,0.016063295,0.014573477,0,0,0,0,0,0,0,0,0,0,0,0
patient209_12,0,0,-1,-1,0,0,0.001137959,0.001180548,0.000907228,0.001031899,0.000878087,0.000899515,0.001854871,0.002232229,0.001720617,0.001440006,0.002253106,0.001795378,0.005315724,0.005315724,0.010631447,0.010631447,0,0.005315724,0.005315724,0.010631447,0.010631447,0.010631447,0.005315724,0.005315724,nan,nan,nan,nan,nan,nan,nan,nan,nan,nan,nan,nan,nan,nan,nan,nan,nan,nan,nan,nan,nan,nan,nan,nan
patient209_13,0,0,-1,-1,0,0,0.001023483,0.001162796,0.000817466,0.000994962,0.000742967,0.000874513,0.002003805,0.002234093,0.001673387,0.001285684,0.00213202,0.001686168,0.005306744,0.010613489,0.010613489,0,0,0.010613489,0.005306744,0.005306744,0.005306744,0.005306744,0.010613489,0.010613489,nan,nan,nan,nan,nan,nan,nan,nan,nan,nan,nan,nan,nan,nan,nan,nan,nan,nan,nan,nan,nan,nan,nan,nan
patient204_0,0,0,-1,-1,0,0,0.000841582,0.001787928,0.002170398,0.000848375,0.001385201,0.00194423,0.001662957,0.001782549,0.001598864,0.001548808,0.001313567,0.001054086,0.005333774,0,0,0.005333774,0.005333774,0,0.005333774,0.005333774,0.005333774,0.005333774,0,0,nan,nan,nan,nan,nan,nan,nan,nan,nan,nan,nan,nan,nan,nan,nan,nan,nan,nan,nan,nan,nan,nan,nan,nan
patient204_1,0,0,-1,-1,0,nan,0.000818646,0.001700354,0.002056784,0.000794219,0.001329737,0.001846716,0.001486385,0.001908969,0.001730517,0.001537588,0.001123637,0.00084783,0,0,0,0,0,0,0,0,0,0,0,0,nan,nan,nan,nan,nan,nan,nan,nan,nan,nan,nan,nan,nan,nan,nan,nan,nan,nan,nan,nan,nan,nan,nan,nan
patient204_2,0,0,-1,-1,0,0,0.000878803,0.001504203,0.002096569,0.000626936,0.001427601,0.001769349,0.001577203,0.001834654,0.0017882,0.001605173,0.001041593,0.000738769,0,0.010722159,0.010722159,0.010722159,0,0.010722159,0,0,0,0,0,0.00536108,nan,nan,nan,nan,nan,nan,nan,nan,nan,nan,nan,nan,nan,nan,nan,nan,nan,nan,nan,nan,nan,nan,nan,nan
patient204_3,0.003395586,0.003442402,-1,1.000479101,0.009763359,0,0.000895078,0.001688587,0.002139833,0.000791389,0.001419965,0.00187145,0.001707842,0.001777469,0.001708369,0.001604891,0.001218214,0.000906161,0,0.005351947,0.005351947,0.010703893,0.010703893,0.005351947,0.010703893,0.010703893,0.010703893,0.01605584,0.010703893,0.010703893,0.002164936,0.006577981,0.008626696,0.002318184,0.005360274,0.007594522,0.003902323,0.005138228,0.003043592,0.001251998,0.002230233,0.003095913,0,0,0,0,0,0,0,0,0,0,0,0
patient204_4,0,0,-1,-1,0,0,0.000805238,0.001611299,0.002038659,0.000765238,0.001327566,0.001786568,0.001346154,0.001995423,0.002035165,0.001905459,0.001192384,0.00093351,0.005342845,0.010685689,0.005342845,0.005342845,0.005342845,0.005342845,0.010685689,0.005342845,0.005342845,0.005342845,0.005342845,0.005342845,nan,nan,nan,nan,nan,nan,nan,nan,nan,nan,nan,nan,nan,nan,nan,nan,nan,nan,nan,nan,nan,nan,nan,nan
patient204_5,0,0,-1,-1,0,0,0.000947017,0.001613371,0.00209753,0.000762121,0.001431053,0.001807829,0.001542001,0.001956111,0.001890118,0.001797547,0.001367259,0.001008977,0.00536108,0,0.00536108,0.010722159,0.00536108,0,0.00536108,0.00536108,0.00536108,0.00536108,0.00536108,0,nan,nan,nan,nan,nan,nan,nan,nan,nan,nan,nan,nan,nan,nan,nan,nan,nan,nan,nan,nan,nan,nan,nan,nan
patient204_6,0,0,-1,-1,0,0,0.000938826,0.001601164,0.002081418,0.000753616,0.0014126,0.001791076,0.001465813,0.00173996,0.0017351,0.001620624,0.001163907,0.000900061,0,0.005306744,0.010613489,0.010613489,0,0.005306744,0.005306744,0,0,0,0,0,nan,nan,nan,nan,nan,nan,nan,nan,nan,nan,nan,nan,nan,nan,nan,nan,nan,nan,nan,nan,nan,nan,nan,nan
patient204_7,0,0,-1,-1,0,nan,0.000919836,0.00156055,0.002014238,0.000759544,0.001372852,0.001740618,0.001629879,0.001963733,0.001689702,0.00147718,0.001185712,0.000969295,0,0,0,0,0,0,0,0,0,0,0,0,nan,nan,nan,nan,nan,nan,nan,nan,nan,nan,nan,nan,nan,nan,nan,nan,nan,nan,nan,nan,nan,nan,nan,nan
patient204_8,0,0,-1,-1,0,0,0.000884423,0.00165494,0.002164107,0.00074843,0.001451444,0.001868254,0.001636066,0.001800272,0.001688438,0.001545033,0.001084662,0.000816222,0,0,0.005315724,0.005315724,0,0.005315724,0.005315724,0.005315724,0,0,0,0,nan,nan,nan,nan,nan,nan,nan,nan,nan,nan,nan,nan,nan,nan,nan,nan,nan,nan,nan,nan,nan,nan,nan,nan
patient204_9,0,0,-1,-1,0,0,0.000912178,0.001575178,0.002042206,0.000724835,0.00139028,0.001768756,0.001669241,0.001926731,0.001739083,0.001602946,0.001266799,0.001012815,0.010649467,0.005324733,0,0,0.010649467,0,0,0.005324733,0.005324733,0.005324733,0.005324733,0.005324733,nan,nan,nan,nan,nan,nan,nan,nan,nan,nan,nan,nan,nan,nan,nan,nan,nan,nan,nan,nan,nan,nan,nan,nan
patient204_10,0,0,-1,-1,0,0,0.00083455,0.001639072,0.002064804,0.000751131,0.001357801,0.001818309,0.001584573,0.001916682,0.00168826,0.001541738,0.001197723,0.00097801,0.005333774,0.010667547,0.010667547,0.005333774,0.005333774,0.010667547,0.016001321,0.010667547,0.010667547,0.005333774,0.010667547,0.010667547,nan,nan,nan,nan,nan,nan,nan,nan,nan,nan,nan,nan,nan,nan,nan,nan,nan,nan,nan,nan,nan,nan,nan,nan
patient204_11,0,0,-1,-1,0,0,0.000883463,0.001646311,0.00205969,0.000787902,0.001363372,0.001815176,0.001467324,0.001850089,0.001737754,0.001569769,0.001195478,0.000965697,0,0.005333774,0.005333774,0.010667547,0,0.005333774,0.010667547,0.016001321,0.010667547,0.010667547,0.010667547,0.010667547,nan,nan,nan,nan,nan,nan,nan,nan,nan,nan,nan,nan,nan,nan,nan,nan,nan,nan,nan,nan,nan,nan,nan,nan
patient204_12,0,0,-1,-1,0,0,0.000969191,0.00162447,0.002079867,0.000787164,0.001440451,0.001791933,0.001682019,0.00177875,0.001686838,0.001557035,0.001263824,0.000996023,0,0.005297795,0.005297795,0,0,0.005297795,0.005297795,0.005297795,0.005297795,0.005297795,0.005297795,0.005297795,nan,nan,nan,nan,nan,nan,nan,nan,nan,nan,nan,nan,nan,nan,nan,nan,nan,nan,nan,nan,nan,nan,nan,nan
patient204_13,0,0,-1,-1,0,nan,0.000959535,0.00162407,0.002206774,0.000735266,0.001499413,0.001876343,0.001615622,0.001775479,0.001785014,0.001630773,0.001093471,0.000806866,0,0,0,0,0,0,0,0,0,0,0,0,nan,nan,nan,nan,nan,nan,nan,nan,nan,nan,nan,nan,nan,nan,nan,nan,nan,nan,nan,nan,nan,nan,nan,nan
patient217_0,0,0,-1,-1,0,0,0.000627865,0.00082893,0.001068302,0.000510557,0.000783109,0.000898535,0.001038102,0.002343037,0.002869072,0.002559823,0.001500382,0.0008771,0.005297795,0.005297795,0.005297795,0,0,0.005297795,0,0,0,0,0.005297795,0,nan,nan,nan,nan,nan,nan,nan,nan,nan,nan,nan,nan,nan,nan,nan,nan,nan,nan,nan,nan,nan,nan,nan,nan
patient217_1,0,0,-1,-1,0,0,0.00068282,0.00083657,0.001087561,0.000535502,0.00081079,0.000898658,0.001096843,0.002295231,0.002746049,0.002467032,0.001494953,0.000904072,0.005262299,0.010524599,0.010524599,0.005262299,0.005262299,0.005262299,0.010524599,0.015786898,0.015786898,0.010524599,0.010524599,0.005262299,nan,nan,nan,nan,nan,nan,nan,nan,nan,nan,nan,nan,nan,nan,nan,nan,nan,nan,nan,nan,nan,nan,nan,nan
patient217_2,0,0,-1,-1,0,0,0.000647428,0.000817655,0.001070151,0.000506963,0.000785579,0.000900056,0.001000961,0.002269603,0.002846965,0.002623623,0.001493434,0.000861911,0.010613489,0.010613489,0.010613489,0.005306744,0.010613489,0.005306744,0.005306744,0.010613489,0.010613489,0.010613489,0.010613489,0.015920233,nan,nan,nan,nan,nan,nan,nan,nan,nan,nan,nan,nan,nan,nan,nan,nan,nan,nan,nan,nan,nan,nan,nan,nan
patient217_3,0,0,-1,-1,0,0,0.000725271,0.000881483,0.001269421,0.000454766,0.000927907,0.001037432,0.001077358,0.002232446,0.002689517,0.002489009,0.00155498,0.000867428,0.010685689,0,0,0.010685689,0.010685689,0,0.005342845,0.005342845,0,0,0,0.005342845,nan,nan,nan,nan,nan,nan,nan,nan,nan,nan,nan,nan,nan,nan,nan,nan,nan,nan,nan,nan,nan,nan,nan,nan
patient217_4,0,0,-1,-1,0,0,0.000628808,0.000714197,0.000933401,0.000475951,0.000723441,0.000765655,0.001215014,0.002498397,0.0029118,0.00250007,0.001392621,0.000866081,0.015947171,0.015947171,0.005315724,0,0.010631447,0.010631447,0,0,0,0,0.005315724,0.010631447,nan,nan,nan,nan,nan,nan,nan,nan,nan,nan,nan,nan,nan,nan,nan,nan,nan,nan,nan,nan,nan,nan,nan,nan
patient217_5,0,0,-1,-1,0,0,0.000691215,0.000759772,0.00107627,0.000488055,0.000827249,0.000862197,0.001085305,0.002348902,0.002832195,0.002519347,0.001475879,0.000810507,0.010577753,0,0,0.010577753,0.010577753,0,0,0,0,0,0,0.010577753,nan,nan,nan,nan,nan,nan,nan,nan,nan,nan,nan,nan,nan,nan,nan,nan,nan,nan,nan,nan,nan,nan,nan,nan
patient217_6,0,0,-1,-1,0,0,0.000722255,0.000888743,0.001150102,0.000563045,0.000856527,0.000966163,0.001105762,0.002378985,0.002821541,0.00254587,0.001501577,0.000878227,0.005342845,0.010685689,0.010685689,0.005342845,0,0.010685689,0.005342845,0.005342845,0.005342845,0.005342845,0.005342845,0,nan,nan,nan,nan,nan,nan,nan,nan,nan,nan,nan,nan,nan,nan,nan,nan,nan,nan,nan,nan,nan,nan,nan,nan
patient217_7,0,0,-1,-1,0,0,0.000699707,0.000766822,0.00104976,0.00051037,0.000815701,0.000844397,0.001064395,0.002319965,0.00280767,0.002517937,0.00147386,0.000889776,0.010649467,0.005324733,0,0,0.010649467,0,0.005324733,0.005324733,0.005324733,0.005324733,0.005324733,0.010649467,nan,nan,nan,nan,nan,nan,nan,nan,nan,nan,nan,nan,nan,nan,nan,nan,nan,nan,nan,nan,nan,nan,nan,nan
patient217_8,0,0,-1,-1,0,0,0.000677626,0.000829105,0.001160955,0.00051492,0.000859323,0.000943571,0.001122622,0.002421387,0.002885415,0.002561452,0.001460713,0.000928723,0.005315724,0,0,0.005315724,0.005315724,0,0,0,0,0,0,0.005315724,nan,nan,nan,nan,nan,nan,nan,nan,nan,nan,nan,nan,nan,nan,nan,nan,nan,nan,nan,nan,nan,nan,nan,nan
patient217_9,0,0,-1,-1,0,0,0.000759376,0.00083532,0.001060293,0.000603709,0.000823011,0.000865051,0.001084508,0.002429193,0.002905618,0.002593335,0.001459927,0.000883989,0.005333774,0.010667547,0.016001321,0.005333774,0,0.010667547,0.016001321,0.016001321,0.016001321,0.016001321,0.016001321,0,nan,nan,nan,nan,nan,nan,nan,nan,nan,nan,nan,nan,nan,nan,nan,nan,nan,nan,nan,nan,nan,nan,nan,nan
patient217_10,0.003395586,0.003449113,-1,1.002354265,0.02497601,0,0.000665545,0.00074629,0.001014913,0.000502956,0.000776677,0.000825268,0.001099271,0.002298936,0.002777919,0.002500062,0.001429995,0.000927617,0.010703893,0.01605584,0.01605584,0.005351947,0,0.01605584,0.010703893,0.010703893,0.005351947,0.005351947,0.005351947,0.005351947,0.00167054,0.001101318,0.001549097,0.001184206,0.001516715,0.001053194,0.009986013,0.027054593,0.031059872,0.025169729,0.009705624,0.005973791,0,0,0,0,0,0,0,0,0,0,0,0
patient217_11,0,0,-1,-1,0,0,0.000638,0.000768174,0.001021458,0.00047924,0.000760182,0.000846016,0.001061658,0.002363162,0.002848118,0.002551906,0.001449519,0.000832037,0,0.005297795,0.005297795,0.005297795,0,0.005297795,0.005297795,0.005297795,0.005297795,0.005297795,0.005297795,0,nan,nan,nan,nan,nan,nan,nan,nan,nan,nan,nan,nan,nan,nan,nan,nan,nan,nan,nan,nan,nan,nan,nan,nan
patient217_12,0,0,-1,-1,0,0,0.000680562,0.000831027,0.001094089,0.000533475,0.00081004,0.000907231,0.001076187,0.002361913,0.002852946,0.002490649,0.001433523,0.000896742,0.005315724,0.005315724,0.005315724,0,0,0.005315724,0.005315724,0.005315724,0.005315724,0.005315724,0.005315724,0,nan,nan,nan,nan,nan,nan,nan,nan,nan,nan,nan,nan,nan,nan,nan,nan,nan,nan,nan,nan,nan,nan,nan,nan
patient217_13,0,0,-1,-1,0,0,0.000701587,0.000820578,0.001092589,0.000531861,0.000824324,0.000903998,0.001054506,0.002321516,0.002794541,0.002548591,0.001507523,0.000820797,0.010667547,0.016001321,0.010667547,0,0.010667547,0.010667547,0.005333774,0,0,0.005333774,0.005333774,0.010667547,nan,nan,nan,nan,nan,nan,nan,nan,nan,nan,nan,nan,nan,nan,nan,nan,nan,nan,nan,nan,nan,nan,nan,nan
patient225_0,0,0,-1,-1,0,0,0.001131824,0.001001797,0.001631694,0.000644537,0.001305196,0.001247971,0.001685824,0.002250709,0.002394192,0.002203435,0.001697243,0.001385879,0.005370244,0.005370244,0.010740488,0.016110732,0.005370244,0.010740488,0.010740488,0.005370244,0.005370244,0.010740488,0.005370244,0.005370244,nan,nan,nan,nan,nan,nan,nan,nan,nan,nan,nan,nan,nan,nan,nan,nan,nan,nan,nan,nan,nan,nan,nan,nan
patient225_1,0,0,-1,-1,0,0,0.001293745,0.001161204,0.001779482,0.000728111,0.001463262,0.001359769,0.001512869,0.002084175,0.002250333,0.002157022,0.001735436,0.001445382,0.00536108,0.00536108,0.00536108,0.010722159,0.00536108,0.00536108,0.00536108,0.00536108,0.00536108,0.00536108,0.00536108,0.00536108,nan,nan,nan,nan,nan,nan,nan,nan,nan,nan,nan,nan,nan,nan,nan,nan,nan,nan,nan,nan,nan,nan,nan,nan
patient225_2,0,0,-1,-1,0,0,0.00119515,0.001102948,0.001614984,0.000732265,0.001323145,0.001254333,0.001527531,0.001976036,0.002198366,0.002073559,0.001743299,0.001345645,0.010795851,0,0,0.005397926,0.010795851,0,0.005397926,0.005397926,0,0,0,0.010795851,nan,nan,nan,nan,nan,nan,nan,nan,nan,nan,nan,nan,nan,nan,nan,nan,nan,nan,nan,nan,nan,nan,nan,nan
patient225_3,0,0,-1,-1,0,0,0.001229186,0.001012039,0.001609507,0.00072975,0.001348514,0.001207596,0.001601661,0.002249685,0.002342866,0.002072354,0.001485377,0.001317395,0.01605584,0.010703893,0.005351947,0.005351947,0.010703893,0.005351947,0.005351947,0.010703893,0.010703893,0.005351947,0.010703893,0.010703893,nan,nan,nan,nan,nan,nan,nan,nan,nan,nan,nan,nan,nan,nan,nan,nan,nan,nan,nan,nan,nan,nan,nan,nan
patient225_4,0.003407155,0.003457455,-1,1.000011137,0.002759998,0,0.001226915,0.00116573,0.001738696,0.000734138,0.001397917,0.001361647,0.00158558,0.002086281,0.002161128,0.001980452,0.001606453,0.001411346,0.005370244,0.005370244,0,0,0.005370244,0,0.005370244,0.005370244,0.005370244,0.005370244,0.005370244,0.005370244,0.000959138,0.000539724,0.001324911,0.000408437,0.00112463,0.00089022,0.001601912,0.002037492,0.002179916,0.001775227,0.000685675,0.001413699,0,0,0,0,0,0,0,0,0,0,0,0
patient225_5,0,0,-1,-1,0,0,0.001188051,0.00112755,0.001609005,0.000746521,0.001305507,0.001267301,0.001490999,0.002030444,0.002199512,0.002001278,0.001667836,0.001333548,0.005342845,0.016028534,0.016028534,0.021371379,0.005342845,0.016028534,0.021371379,0.021371379,0.016028534,0.016028534,0.005342845,0.005342845,nan,nan,nan,nan,nan,nan,nan,nan,nan,nan,nan,nan,nan,nan,nan,nan,nan,nan,nan,nan,nan,nan,nan,nan
patient225_6,0,0,-1,-1,0,0,0.00128617,0.001129895,0.001603108,0.00080688,0.001354441,0.001223124,0.00153863,0.00206128,0.002245583,0.002029744,0.0015656,0.001443395,0.010685689,0,0,0.005342845,0.010685689,0,0,0,0,0,0,0.010685689,nan,nan,nan,nan,nan,nan,nan,nan,nan,nan,nan,nan,nan,nan,nan,nan,nan,nan,nan,nan,nan,nan,nan,nan
patient225_7,0,0,-1,-1,0,0,0.001184673,0.001214421,0.001709725,0.000761839,0.001345972,0.001369088,0.001488684,0.002040614,0.002175854,0.002010667,0.00172286,0.00134704,0.010740488,0.010740488,0.010740488,0,0.005370244,0.010740488,0,0,0.005370244,0.010740488,0.010740488,0.005370244,nan,nan,nan,nan,nan,nan,nan,nan,nan,nan,nan,nan,nan,nan,nan,nan,nan,nan,nan,nan,nan,nan,nan,nan
patient225_8,0,0,-1,-1,0,0,0.001288207,0.001066821,0.001790622,0.000725685,0.001462288,0.001353348,0.001527658,0.002022362,0.002209627,0.002043666,0.001587964,0.001532468,0.005333774,0,0,0,0.005333774,0,0,0,0,0,0,0.005333774,nan,nan,nan,nan,nan,nan,nan,nan,nan,nan,nan,nan,nan,nan,nan,nan,nan,nan,nan,nan,nan,nan,nan,nan
patient225_9,0,0,-1,-1,0,0,0.001286709,0.001055911,0.001658573,0.000794348,0.001397277,0.001245347,0.001610666,0.00221064,0.002260027,0.001975846,0.001482025,0.001259292,0.016028534,0.005342845,0.005342845,0.010685689,0.016028534,0.005342845,0.010685689,0.010685689,0.010685689,0,0.010685689,0.010685689,nan,nan,nan,nan,nan,nan,nan,nan,nan,nan,nan,nan,nan,nan,nan,nan,nan,nan,nan,nan,nan,nan,nan,nan
patient225_10,0,0,-1,-1,0,nan,0.001183704,0.000988443,0.001547999,0.000729109,0.001293019,0.001168362,0.00159771,0.002181647,0.002286932,0.001931874,0.001460547,0.001326254,0,0,0,0,0,0,0,0,0,0,0,0,nan,nan,nan,nan,nan,nan,nan,nan,nan,nan,nan,nan,nan,nan,nan,nan,nan,nan,nan,nan,nan,nan,nan,nan
patient225_11,0,0,-1,-1,0,0,0.00111163,0.001140426,0.001640392,0.000692848,0.001300386,0.001308771,0.001560283,0.002107221,0.002271277,0.002046296,0.001721756,0.001290065,0.005425894,0.016277682,0.016277682,0.016277682,0.010851788,0.016277682,0.010851788,0.010851788,0.005425894,0.016277682,0.016277682,0.010851788,nan,nan,nan,nan,nan,nan,nan,nan,nan,nan,nan,nan,nan,nan,nan,nan,nan,nan,nan,nan,nan,nan,nan,nan
patient225_12,0,0,-1,-1,0,0,0.001237882,0.000976152,0.001574285,0.000759408,0.001338287,0.001167881,0.001549175,0.002182206,0.002378194,0.002058635,0.001590188,0.001440005,0.005342845,0.010685689,0.005342845,0.005342845,0.005342845,0.005342845,0.005342845,0.005342845,0.005342845,0.005342845,0.005342845,0.005342845,nan,nan,nan,nan,nan,nan,nan,nan,nan,nan,nan,nan,nan,nan,nan,nan,nan,nan,nan,nan,nan,nan,nan,nan
patient225_13,0,0,-1,-1,0,0,0.001269856,0.001077688,0.001591499,0.000784584,0.001333741,0.001219127,0.001691193,0.002325991,0.002373744,0.00201877,0.001478774,0.001257336,0.010685689,0.005342845,0.005342845,0.005342845,0.005342845,0.005342845,0.005342845,0,0,0.005342845,0,0.005342845,nan,nan,nan,nan,nan,nan,nan,nan,nan,nan,nan,nan,nan,nan,nan,nan,nan,nan,nan,nan,nan,nan,nan,nan
patient219_0,0,0,-1,-1,0,0,0.000902133,0.000906953,0.001560004,0.00039369,0.001184233,0.001204029,0.00164816,0.003049594,0.002908712,0.002204077,0.000862559,0.000553983,0,0.005333774,0.005333774,0,0,0.005333774,0.005333774,0.005333774,0.005333774,0.005333774,0.005333774,0,nan,nan,nan,nan,nan,nan,nan,nan,nan,nan,nan,nan,nan,nan,nan,nan,nan,nan,nan,nan,nan,nan,nan,nan
patient219_1,0,0,-1,-1,0,0,0.000891751,0.000917057,0.001535318,0.000432941,0.001159769,0.001193515,0.001548612,0.002845016,0.002768182,0.002104167,0.000928683,0.00064916,0.010685689,0.005342845,0.005342845,0,0.010685689,0.005342845,0.005342845,0.005342845,0.005342845,0.005342845,0.005342845,0.010685689,nan,nan,nan,nan,nan,nan,nan,nan,nan,nan,nan,nan,nan,nan,nan,nan,nan,nan,nan,nan,nan,nan,nan,nan
patient219_2,0,0,-1,-1,0,0,0.000923861,0.000923358,0.001532798,0.000456114,0.001172829,0.001188392,0.001509394,0.002852526,0.002769039,0.002223912,0.001035616,0.000672295,0.005315724,0,0,0,0.005315724,0,0.005315724,0.005315724,0.005315724,0.005315724,0.005315724,0.005315724,nan,nan,nan,nan,nan,nan,nan,nan,nan,nan,nan,nan,nan,nan,nan,nan,nan,nan,nan,nan,nan,nan,nan,nan
patient219_3,0,0,-1,-1,0,0,0.000964834,0.000785663,0.001471956,0.000438821,0.001174181,0.001088006,0.001508766,0.002816786,0.002700073,0.002069921,0.000900636,0.000672383,0.00536108,0.00536108,0.00536108,0.010722159,0.00536108,0.00536108,0,0,0,0,0,0,nan,nan,nan,nan,nan,nan,nan,nan,nan,nan,nan,nan,nan,nan,nan,nan,nan,nan,nan,nan,nan,nan,nan,nan
patient219_4,0,0,-1,-1,0,0,0.000914795,0.000894768,0.001527942,0.000438497,0.001173026,0.001175668,0.001482811,0.002807098,0.002792173,0.002139314,0.000889008,0.000656288,0.005370244,0,0,0,0.005370244,0,0,0,0,0,0.005370244,0.005370244,nan,nan,nan,nan,nan,nan,nan,nan,nan,nan,nan,nan,nan,nan,nan,nan,nan,nan,nan,nan,nan,nan,nan,nan
patient219_5,0,0,-1,-1,0,0,0.000913929,0.000912079,0.001519094,0.000444233,0.001161841,0.001177717,0.001540771,0.002845792,0.002801389,0.002180493,0.000949368,0.000634408,0.005342845,0,0.005342845,0.010685689,0.005342845,0,0,0,0,0,0,0,nan,nan,nan,nan,nan,nan,nan,nan,nan,nan,nan,nan,nan,nan,nan,nan,nan,nan,nan,nan,nan,nan,nan,nan
patient219_6,0,0,-1,-1,0,0,0.000855663,0.000906041,0.001459897,0.000421794,0.001105964,0.0011433,0.001587303,0.002960487,0.002909498,0.002260785,0.000952665,0.000621638,0,0.005370244,0.005370244,0.005370244,0,0.005370244,0.005370244,0.005370244,0.005370244,0.005370244,0.005370244,0,nan,nan,nan,nan,nan,nan,nan,nan,nan,nan,nan,nan,nan,nan,nan,nan,nan,nan,nan,nan,nan,nan,nan,nan
patient219_7,0,0,-1,-1,0,0,0.000880397,0.000926457,0.001518787,0.000465726,0.001141344,0.001188136,0.001473816,0.002822315,0.002770661,0.002144411,0.000927339,0.000643443,0.00536108,0,0,0.010722159,0.010722159,0,0,0,0,0,0,0,nan,nan,nan,nan,nan,nan,nan,nan,nan,nan,nan,nan,nan,nan,nan,nan,nan,nan,nan,nan,nan,nan,nan,nan
patient219_8,0,0,-1,-1,0,0,0.00086582,0.000912423,0.001472714,0.000450734,0.001115856,0.001151316,0.001511683,0.002825665,0.002767157,0.002114159,0.000845104,0.000652249,0,0.010722159,0.010722159,0.010722159,0,0.010722159,0.010722159,0.010722159,0.010722159,0.010722159,0.010722159,0,nan,nan,nan,nan,nan,nan,nan,nan,nan,nan,nan,nan,nan,nan,nan,nan,nan,nan,nan,nan,nan,nan,nan,nan
patient219_9,0,0,-1,-1,0,0,0.000873308,0.000975962,0.001542312,0.000477209,0.001145828,0.001225974,0.001532519,0.002792991,0.002742286,0.002160132,0.001010073,0.000656945,0,0.005315724,0.005315724,0.015947171,0.010631447,0.005315724,0.005315724,0.005315724,0.005315724,0.005315724,0,0,nan,nan,nan,nan,nan,nan,nan,nan,nan,nan,nan,nan,nan,nan,nan,nan,nan,nan,nan,nan,nan,nan,nan,nan
patient219_10,0,0,-1,-1,0,0,0.000869167,0.000965474,0.00157735,0.000422607,0.00117077,0.001242865,0.001496686,0.002792923,0.002720601,0.002106836,0.00089801,0.000595431,0.010613489,0.005306744,0.005306744,0,0.005306744,0.005306744,0.005306744,0.005306744,0.005306744,0.005306744,0.005306744,0.010613489,nan,nan,nan,nan,nan,nan,nan,nan,nan,nan,nan,nan,nan,nan,nan,nan,nan,nan,nan,nan,nan,nan,nan,nan
patient219_11,0,0,-1,-1,0,0,0.000919092,0.000905242,0.00150302,0.000449705,0.001162155,0.001158912,0.001549382,0.002814591,0.002825787,0.002194265,0.00090461,0.000607226,0.005379439,0.010758879,0.005379439,0.005379439,0.005379439,0.010758879,0.010758879,0.010758879,0.010758879,0.010758879,0.010758879,0,nan,nan,nan,nan,nan,nan,nan,nan,nan,nan,nan,nan,nan,nan,nan,nan,nan,nan,nan,nan,nan,nan,nan,nan
patient219_12,0,0,-1,-1,0,0,0.000943896,0.000882633,0.001514177,0.000456192,0.001177893,0.001160458,0.001521514,0.002788597,0.002685243,0.002035191,0.000889139,0.000693192,0.005324733,0.005324733,0.005324733,0,0.005324733,0.005324733,0.005324733,0,0,0.005324733,0.010649467,0.005324733,nan,nan,nan,nan,nan,nan,nan,nan,nan,nan,nan,nan,nan,nan,nan,nan,nan,nan,nan,nan,nan,nan,nan,nan
patient219_13,0,0,-1,-1,0,0,0.000864355,0.000906294,0.001513942,0.000425348,0.001136736,0.001180437,0.001523398,0.002873364,0.002775708,0.002154012,0.000928962,0.000573157,0.005333774,0.010667547,0.010667547,0.005333774,0.005333774,0.010667547,0.005333774,0.005333774,0.005333774,0.005333774,0.010667547,0.005333774,nan,nan,nan,nan,nan,nan,nan,nan,nan,nan,nan,nan,nan,nan,nan,nan,nan,nan,nan,nan,nan,nan,nan,nan
patient203_0,0,0,-1,-1,0,0,0.000723197,0.001387535,0.000894376,0.000996292,0.000404719,0.001120968,0.001213657,0.001548249,0.001995977,0.002131446,0.002671976,0.001777654,0.016083239,0.016083239,0.010722159,0.00536108,0.016083239,0.016083239,0.00536108,0.00536108,0.010722159,0.021444318,0.016083239,0.016083239,nan,nan,nan,nan,nan,nan,nan,nan,nan,nan,nan,nan,nan,nan,nan,nan,nan,nan,nan,nan,nan,nan,nan,nan
patient203_1,0,0,-1,-1,0,0,0.000709928,0.001428301,0.000938309,0.001010452,0.000380179,0.001165886,0.001280935,0.001571905,0.00207385,0.002177998,0.00268782,0.001779172,0.005370244,0.005370244,0.005370244,0,0.005370244,0.005370244,0,0,0.005370244,0.005370244,0.005370244,0.005370244,nan,nan,nan,nan,nan,nan,nan,nan,nan,nan,nan,nan,nan,nan,nan,nan,nan,nan,nan,nan,nan,nan,nan,nan
patient203_2,0,0,-1,-1,0,nan,0.000671721,0.001324914,0.000907389,0.000934907,0.00039499,0.001095408,0.001236623,0.001643875,0.002161103,0.002150713,0.002568153,0.00171103,0,0,0,0,0,0,0,0,0,0,0,0,nan,nan,nan,nan,nan,nan,nan,nan,nan,nan,nan,nan,nan,nan,nan,nan,nan,nan,nan,nan,nan,nan,nan,nan
patient203_3,0,0,-1,-1,0,0,0.00065792,0.001249181,0.000840043,0.000895559,0.000386788,0.001027584,0.001170232,0.001678129,0.00231847,0.002378603,0.002577461,0.001634333,0.005370244,0.005370244,0.005370244,0,0.005370244,0.005370244,0,0,0.005370244,0.005370244,0.005370244,0.005370244,nan,nan,nan,nan,nan,nan,nan,nan,nan,nan,nan,nan,nan,nan,nan,nan,nan,nan,nan,nan,nan,nan,nan,nan
patient203_4,0,0,-1,-1,0,nan,0.000706196,0.001295697,0.000842561,0.000942546,0.000395835,0.001045566,0.00126924,0.001618508,0.002146018,0.002205735,0.002730018,0.001737282,0,0,0,0,0,0,0,0,0,0,0,0,nan,nan,nan,nan,nan,nan,nan,nan,nan,nan,nan,nan,nan,nan,nan,nan,nan,nan,nan,nan,nan,nan,nan,nan
patient203_5,0,0,-1,-1,0,0,0.000687289,0.001323192,0.00088062,0.000946896,0.000382441,0.001078781,0.001215822,0.00159735,0.002133042,0.002302804,0.002723992,0.00172947,0.010795851,0.010795851,0.016193777,0.010795851,0.005397926,0.010795851,0.010795851,0.010795851,0.021591702,0.010795851,0.010795851,0.010795851,nan,nan,nan,nan,nan,nan,nan,nan,nan,nan,nan,nan,nan,nan,nan,nan,nan,nan,nan,nan,nan,nan,nan,nan
patient203_6,0,0,-1,-1,0,nan,0.000702119,0.001290204,0.000845792,0.000935195,0.000409205,0.001051609,0.001115725,0.001644272,0.002276803,0.002322802,0.002530488,0.001599439,0,0,0,0,0,0,0,0,0,0,0,0,nan,nan,nan,nan,nan,nan,nan,nan,nan,nan,nan,nan,nan,nan,nan,nan,nan,nan,nan,nan,nan,nan,nan,nan
patient203_7,0,0,-1,-1,0,0,0.000669364,0.00123557,0.000812301,0.000892982,0.000403158,0.000998853,0.00111841,0.001555993,0.002200962,0.002442096,0.002542976,0.0015792,0.005351947,0.005351947,0,0,0.005351947,0.005351947,0.005351947,0.005351947,0,0,0,0,nan,nan,nan,nan,nan,nan,nan,nan,nan,nan,nan,nan,nan,nan,nan,nan,nan,nan,nan,nan,nan,nan,nan,nan
patient203_8,0,0,-1,-1,0,0,0.000644102,0.001234331,0.00083162,0.0008867,0.00038148,0.001011148,0.001219264,0.001697848,0.002148354,0.002110731,0.002626252,0.001735315,0.010649467,0.010649467,0.005324733,0,0.005324733,0.010649467,0,0,0,0,0,0,nan,nan,nan,nan,nan,nan,nan,nan,nan,nan,nan,nan,nan,nan,nan,nan,nan,nan,nan,nan,nan,nan,nan,nan
patient203_9,0,0,-1,-1,0,0,0.000764337,0.001360757,0.000842922,0.001010513,0.000411105,0.001076631,0.001114074,0.001489222,0.002056646,0.002203975,0.002554576,0.001644385,0.005388667,0.005388667,0.005388667,0,0.005388667,0.005388667,0,0.005388667,0.005388667,0.005388667,0.005388667,0.005388667,nan,nan,nan,nan,nan,nan,nan,nan,nan,nan,nan,nan,nan,nan,nan,nan,nan,nan,nan,nan,nan,nan,nan,nan
patient203_10,0,0,-1,-1,0,0,0.000724498,0.001288741,0.000874689,0.000944205,0.000427186,0.001049059,0.001142696,0.001551535,0.002146472,0.002231634,0.002623139,0.001673316,0.005370244,0.005370244,0,0,0.005370244,0,0,0,0,0.005370244,0.005370244,0.005370244,nan,nan,nan,nan,nan,nan,nan,nan,nan,nan,nan,nan,nan,nan,nan,nan,nan,nan,nan,nan,nan,nan,nan,nan
patient203_11,0,0,-1,-1,0,0,0.000666411,0.0013422,0.000917197,0.000944988,0.000407443,0.001111912,0.001218833,0.001632382,0.002122457,0.002123799,0.002517708,0.001726888,0,0,0.005407216,0.005407216,0,0,0,0,0,0,0,0,nan,nan,nan,nan,nan,nan,nan,nan,nan,nan,nan,nan,nan,nan,nan,nan,nan,nan,nan,nan,nan,nan,nan,nan
patient203_12,0,0,-1,-1,0,0,0.000768726,0.001375355,0.000872553,0.001026446,0.000393298,0.001088595,0.001138397,0.001551404,0.002112209,0.002136698,0.002597744,0.001621574,0.005425894,0.005425894,0.005425894,0,0.005425894,0.005425894,0,0.005425894,0.005425894,0.005425894,0.005425894,0.005425894,nan,nan,nan,nan,nan,nan,nan,nan,nan,nan,nan,nan,nan,nan,nan,nan,nan,nan,nan,nan,nan,nan,nan,nan
patient203_13,0,0,-1,-1,0,0,0.000717254,0.001347035,0.000865539,0.000974513,0.000374145,0.001090538,0.001126503,0.001573348,0.002146673,0.002177842,0.002537857,0.00163924,0.016028534,0.010685689,0.010685689,0.010685689,0.010685689,0.010685689,0.010685689,0.010685689,0.021371379,0.021371379,0.010685689,0.010685689,nan,nan,nan,nan,nan,nan,nan,nan,nan,nan,nan,nan,nan,nan,nan,nan,nan,nan,nan,nan,nan,nan,nan,nan
patient171_0,0,0,-1,-1,0,nan,0.001591208,0.000916064,0.001331996,0.001132156,0.001410126,0.000754763,0.001537881,0.001301372,0.001971441,0.002326087,0.001992542,0.001296368,0,0,0,0,0,0,0,0,0,0,0,0,nan,nan,nan,nan,nan,nan,nan,nan,nan,nan,nan,nan,nan,nan,nan,nan,nan,nan,nan,nan,nan,nan,nan,nan
patient171_1,0,0,-1,-1,0,0,0.00154754,0.000992889,0.001234332,0.001143309,0.001330197,0.000732615,0.00146345,0.001248254,0.001983944,0.002472259,0.002127645,0.001334402,0,0.005306744,0.010613489,0.010613489,0,0.010613489,0.010613489,0.005306744,0.005306744,0.005306744,0.005306744,0.005306744,nan,nan,nan,nan,nan,nan,nan,nan,nan,nan,nan,nan,nan,nan,nan,nan,nan,nan,nan,nan,nan,nan,nan,nan
patient171_2,0,0,-1,-1,0,0,0.001572163,0.001084573,0.001201483,0.001197891,0.001332454,0.00074712,0.001346081,0.001105598,0.00193329,0.002449642,0.002108088,0.001368503,0.00536108,0,0.00536108,0.010722159,0.00536108,0,0.010722159,0.010722159,0.00536108,0,0,0.00536108,nan,nan,nan,nan,nan,nan,nan,nan,nan,nan,nan,nan,nan,nan,nan,nan,nan,nan,nan,nan,nan,nan,nan,nan
patient171_3,0,0,-1,-1,0,0,0.001560805,0.000985938,0.001263204,0.001166041,0.001334871,0.000787384,0.001506915,0.001164543,0.001953449,0.002372822,0.001967482,0.001274326,0.010667547,0.010667547,0.010667547,0.005333774,0.010667547,0.010667547,0.005333774,0.010667547,0.016001321,0.010667547,0.016001321,0.010667547,nan,nan,nan,nan,nan,nan,nan,nan,nan,nan,nan,nan,nan,nan,nan,nan,nan,nan,nan,nan,nan,nan,nan,nan
patient171_4,0,0,-1,-1,0,0,0.001545033,0.001070639,0.001174838,0.001210018,0.001287003,0.000765845,0.001389255,0.001101835,0.001873117,0.002354789,0.002042539,0.001373305,0.005324733,0.005324733,0.005324733,0.005324733,0.005324733,0.005324733,0.005324733,0,0,0.005324733,0.005324733,0.005324733,nan,nan,nan,nan,nan,nan,nan,nan,nan,nan,nan,nan,nan,nan,nan,nan,nan,nan,nan,nan,nan,nan,nan,nan
patient171_5,0,0,-1,-1,0,0,0.001442517,0.001004494,0.001238238,0.001093688,0.001272676,0.000788688,0.001520423,0.001321269,0.002027435,0.002479055,0.002056862,0.001299942,0.005388667,0.005388667,0,0,0.005388667,0,0,0.005388667,0.005388667,0.005388667,0.005388667,0.005388667,nan,nan,nan,nan,nan,nan,nan,nan,nan,nan,nan,nan,nan,nan,nan,nan,nan,nan,nan,nan,nan,nan,nan,nan
patient171_6,0,0,-1,-1,0,0,0.001495588,0.001050442,0.001107132,0.001196874,0.001222891,0.000687631,0.001467341,0.001208418,0.001979956,0.002474748,0.002054199,0.001298942,0,0.005324733,0.010649467,0.010649467,0,0.005324733,0,0,0,0,0,0.005324733,nan,nan,nan,nan,nan,nan,nan,nan,nan,nan,nan,nan,nan,nan,nan,nan,nan,nan,nan,nan,nan,nan,nan,nan
patient171_7,0,0,-1,-1,0,0,0.001598337,0.001045297,0.001223986,0.001231239,0.001345144,0.00076082,0.001445119,0.001248321,0.002003311,0.002338927,0.001949315,0.001267696,0.005324733,0.005324733,0,0.005324733,0.010649467,0,0.005324733,0.010649467,0.010649467,0.005324733,0.005324733,0.005324733,nan,nan,nan,nan,nan,nan,nan,nan,nan,nan,nan,nan,nan,nan,nan,nan,nan,nan,nan,nan,nan,nan,nan,nan
patient171_8,0,0,-1,-1,0,0,0.00145813,0.000983292,0.001305257,0.001078378,0.001315629,0.00084977,0.001392998,0.001381979,0.001986555,0.00232827,0.00199711,0.001279749,0.005333774,0.010667547,0.010667547,0.005333774,0.005333774,0.010667547,0.005333774,0.010667547,0.010667547,0.010667547,0.010667547,0.010667547,nan,nan,nan,nan,nan,nan,nan,nan,nan,nan,nan,nan,nan,nan,nan,nan,nan,nan,nan,nan,nan,nan,nan,nan
patient171_9,0,0,-1,-1,0,0,0.001477807,0.00099582,0.001143301,0.00112776,0.001249886,0.000708944,0.001344761,0.001201169,0.001967574,0.002497118,0.002109272,0.001318963,0.01605584,0.010703893,0,0,0.01605584,0.010703893,0.005351947,0.010703893,0.010703893,0.01605584,0.01605584,0.01605584,nan,nan,nan,nan,nan,nan,nan,nan,nan,nan,nan,nan,nan,nan,nan,nan,nan,nan,nan,nan,nan,nan,nan,nan
patient171_10,0,0,-1,-1,0,0,0.001496193,0.001080935,0.001194945,0.001182524,0.001268407,0.000789759,0.001284938,0.001179859,0.002005005,0.002432222,0.002003299,0.001233538,0.005407216,0,0,0,0.005407216,0,0,0.005407216,0,0,0,0,nan,nan,nan,nan,nan,nan,nan,nan,nan,nan,nan,nan,nan,nan,nan,nan,nan,nan,nan,nan,nan,nan,nan,nan
patient171_11,0,0,-1,-1,0,0,0.001426513,0.001064501,0.001051863,0.001165652,0.001154629,0.00074874,0.001264913,0.001106784,0.001975155,0.002560387,0.002125055,0.001345384,0.005342845,0.005342845,0,0.005342845,0.010685689,0,0.005342845,0.005342845,0.005342845,0.005342845,0.010685689,0.010685689,nan,nan,nan,nan,nan,nan,nan,nan,nan,nan,nan,nan,nan,nan,nan,nan,nan,nan,nan,nan,nan,nan,nan,nan
patient171_12,0,0,-1,-1,0,0,0.001447067,0.001083558,0.001188692,0.00114238,0.001241032,0.000832527,0.001316775,0.001169157,0.001892474,0.002424244,0.002054825,0.001301187,0.005306744,0.005306744,0.005306744,0.005306744,0.005306744,0.005306744,0.005306744,0.005306744,0.005306744,0.005306744,0.005306744,0.005306744,nan,nan,nan,nan,nan,nan,nan,nan,nan,nan,nan,nan,nan,nan,nan,nan,nan,nan,nan,nan,nan,nan,nan,nan
patient171_13,0,0,-1,-1,0,0,0.001484063,0.001139485,0.001242189,0.001190929,0.001234039,0.000905166,0.001450112,0.001250119,0.001985182,0.002402568,0.002036462,0.001307956,0.005324733,0.005324733,0,0.005324733,0.005324733,0,0.005324733,0,0,0,0.005324733,0.005324733,nan,nan,nan,nan,nan,nan,nan,nan,nan,nan,nan,nan,nan,nan,nan,nan,nan,nan,nan,nan,nan,nan,nan,nan
patient199_0,0,0,-1,-1,0,0,0.0012805,0.001605746,0.001569989,0.001234823,0.001146875,0.001444073,0.001432162,0.001302924,0.001745017,0.002406529,0.0015636,0.001072785,0.010685689,0.005342845,0.005342845,0,0.010685689,0.005342845,0,0.005342845,0.005342845,0.005342845,0.010685689,0.010685689,nan,nan,nan,nan,nan,nan,nan,nan,nan,nan,nan,nan,nan,nan,nan,nan,nan,nan,nan,nan,nan,nan,nan,nan
patient199_1,0,0,-1,-1,0,0,0.001132997,0.001578269,0.001635154,0.001106749,0.001066492,0.001544107,0.001369689,0.001225685,0.001692477,0.002373195,0.001400001,0.000983506,0.00536108,0.00536108,0.00536108,0.00536108,0.010722159,0.00536108,0.00536108,0,0.00536108,0.00536108,0.010722159,0.00536108,nan,nan,nan,nan,nan,nan,nan,nan,nan,nan,nan,nan,nan,nan,nan,nan,nan,nan,nan,nan,nan,nan,nan,nan
patient199_2,0,0,-1,-1,0,nan,0.001185484,0.001548235,0.00157241,0.00115802,0.001082718,0.001462743,0.001331273,0.001488463,0.001789383,0.002348575,0.001473374,0.001023282,0,0,0,0,0,0,0,0,0,0,0,0,nan,nan,nan,nan,nan,nan,nan,nan,nan,nan,nan,nan,nan,nan,nan,nan,nan,nan,nan,nan,nan,nan,nan,nan
patient199_3,0,0,-1,-1,0,nan,0.001103583,0.001591877,0.001521945,0.001134421,0.001008883,0.001495495,0.001275509,0.001368506,0.00188526,0.002628641,0.001496219,0.000982614,0,0,0,0,0,0,0,0,0,0,0,0,nan,nan,nan,nan,nan,nan,nan,nan,nan,nan,nan,nan,nan,nan,nan,nan,nan,nan,nan,nan,nan,nan,nan,nan
patient199_4,0,0,-1,-1,0,nan,0.00121887,0.001618119,0.001547308,0.001198736,0.001076132,0.001501595,0.001365571,0.001412995,0.001820262,0.002429577,0.001473965,0.001026423,0,0,0,0,0,0,0,0,0,0,0,0,nan,nan,nan,nan,nan,nan,nan,nan,nan,nan,nan,nan,nan,nan,nan,nan,nan,nan,nan,nan,nan,nan,nan,nan
patient199_5,0,0,-1,-1,0,0,0.001117281,0.001507601,0.001515094,0.001084528,0.001026893,0.001446745,0.001310666,0.001328248,0.001872471,0.002509321,0.001456137,0.000962988,0.005333774,0.005333774,0.005333774,0,0.005333774,0.005333774,0,0.005333774,0.005333774,0.005333774,0.005333774,0.005333774,nan,nan,nan,nan,nan,nan,nan,nan,nan,nan,nan,nan,nan,nan,nan,nan,nan,nan,nan,nan,nan,nan,nan,nan
patient199_6,0,0,-1,-1,0,0,0.001116104,0.001520762,0.00163183,0.001060991,0.001108315,0.001507854,0.001249745,0.00133482,0.001830421,0.002320444,0.001388278,0.000989875,0,0,0,0.005315724,0,0,0.005315724,0,0,0,0,0,nan,nan,nan,nan,nan,nan,nan,nan,nan,nan,nan,nan,nan,nan,nan,nan,nan,nan,nan,nan,nan,nan,nan,nan
patient199_7,0,0,-1,-1,0,0,0.001180782,0.001584669,0.001575456,0.001134632,0.001098558,0.00150629,0.001370518,0.001341184,0.001871171,0.002521778,0.001528047,0.001050818,0.005324733,0.005324733,0.010649467,0.005324733,0.005324733,0.010649467,0.005324733,0,0.005324733,0.005324733,0.005324733,0.005324733,nan,nan,nan,nan,nan,nan,nan,nan,nan,nan,nan,nan,nan,nan,nan,nan,nan,nan,nan,nan,nan,nan,nan,nan
patient199_8,0,0,-1,-1,0,0,0.001076573,0.001577366,0.001432832,0.001129354,0.000960925,0.001429107,0.001197988,0.001347169,0.001902741,0.002580623,0.001530739,0.001006072,0.005324733,0.005324733,0.005324733,0.005324733,0.005324733,0.005324733,0.005324733,0.005324733,0.005324733,0.005324733,0.005324733,0.005324733,nan,nan,nan,nan,nan,nan,nan,nan,nan,nan,nan,nan,nan,nan,nan,nan,nan,nan,nan,nan,nan,nan,nan,nan
patient199_9,0,0,-1,-1,0,0,0.001156416,0.001569173,0.001551819,0.001122653,0.001045759,0.001478074,0.001240602,0.001433594,0.00185675,0.002407547,0.001435848,0.001012856,0.010703893,0.010703893,0,0.005351947,0.010703893,0,0.005351947,0.010703893,0.010703893,0.01605584,0.010703893,0.010703893,nan,nan,nan,nan,nan,nan,nan,nan,nan,nan,nan,nan,nan,nan,nan,nan,nan,nan,nan,nan,nan,nan,nan,nan
patient199_10,0,0,-1,-1,0,0,0.001187056,0.001637547,0.001504021,0.001216215,0.001034896,0.001464113,0.001352346,0.001455942,0.001907306,0.002521604,0.001550777,0.001046908,0.016001321,0.010667547,0.005333774,0.005333774,0.010667547,0.010667547,0.005333774,0.016001321,0.016001321,0.005333774,0.010667547,0.010667547,nan,nan,nan,nan,nan,nan,nan,nan,nan,nan,nan,nan,nan,nan,nan,nan,nan,nan,nan,nan,nan,nan,nan,nan
patient199_11,0,0,-1,-1,0,0,0.001113982,0.001592841,0.001628691,0.001092273,0.001065293,0.001546124,0.001337544,0.001385056,0.001777277,0.002440178,0.001414158,0.000947609,0,0,0.005351947,0.005351947,0,0,0,0,0,0.005351947,0,0,nan,nan,nan,nan,nan,nan,nan,nan,nan,nan,nan,nan,nan,nan,nan,nan,nan,nan,nan,nan,nan,nan,nan,nan
patient199_12,0,0,-1,-1,0,0,0.001110338,0.001538115,0.001562877,0.001079779,0.001056409,0.001475869,0.001276541,0.001411492,0.00181641,0.002476589,0.001427862,0.000970821,0.005342845,0,0.005342845,0.005342845,0.005342845,0,0.005342845,0.005342845,0,0,0,0.005342845,nan,nan,nan,nan,nan,nan,nan,nan,nan,nan,nan,nan,nan,nan,nan,nan,nan,nan,nan,nan,nan,nan,nan,nan
patient199_13,0,0,-1,-1,0,0,0.001204741,0.001581122,0.001493634,0.001195405,0.001063569,0.001427634,0.001240887,0.001346645,0.001838744,0.002379827,0.001506535,0.001053141,0.00536108,0.00536108,0.00536108,0.00536108,0.010722159,0.00536108,0,0.00536108,0.00536108,0.00536108,0.00536108,0.00536108,nan,nan,nan,nan,nan,nan,nan,nan,nan,nan,nan,nan,nan,nan,nan,nan,nan,nan,nan,nan,nan,nan,nan,nan
patient213_0,0,0,-1,-1,0,0,0.001360645,0.001159132,0.000855059,0.001168285,0.001040466,0.000711163,0.000840268,0.001691739,0.002237515,0.002672663,0.002068304,0.001297702,0,0,0.005370244,0.005370244,0,0,0.005370244,0,0,0,0,0,nan,nan,nan,nan,nan,nan,nan,nan,nan,nan,nan,nan,nan,nan,nan,nan,nan,nan,nan,nan,nan,nan,nan,nan
patient213_1,0,0,-1,-1,0,0,0.001304749,0.001098715,0.000857829,0.001113932,0.001006645,0.000690813,0.000834368,0.001757261,0.002249864,0.002584843,0.001966405,0.001225272,0.016110732,0.016110732,0.005370244,0,0.010740488,0.010740488,0.005370244,0.010740488,0.016110732,0.016110732,0.016110732,0.016110732,nan,nan,nan,nan,nan,nan,nan,nan,nan,nan,nan,nan,nan,nan,nan,nan,nan,nan,nan,nan,nan,nan,nan,nan
patient213_2,0,0,-1,-1,0,0,0.001326419,0.001109162,0.000837244,0.001117861,0.001007871,0.000696136,0.000874928,0.001676367,0.00216718,0.002593045,0.001928979,0.001170013,0.010649467,0.010649467,0.021298933,0.010649467,0.010649467,0.010649467,0.010649467,0.005324733,0.010649467,0.010649467,0.010649467,0.010649467,nan,nan,nan,nan,nan,nan,nan,nan,nan,nan,nan,nan,nan,nan,nan,nan,nan,nan,nan,nan,nan,nan,nan,nan
patient213_3,0,0,-1,-1,0,0,0.001294954,0.001195242,0.000802859,0.001153177,0.000950577,0.000760701,0.000924413,0.001804178,0.002315262,0.002648736,0.002045921,0.001264358,0.005407216,0,0,0.005407216,0.005407216,0,0,0,0,0,0.005407216,0.005407216,nan,nan,nan,nan,nan,nan,nan,nan,nan,nan,nan,nan,nan,nan,nan,nan,nan,nan,nan,nan,nan,nan,nan,nan
patient213_4,0,0,-1,-1,0,0,0.001320154,0.001127119,0.000800966,0.001129688,0.000998656,0.0006818,0.000846736,0.001767052,0.002209776,0.002604904,0.001965825,0.001222588,0.010795851,0,0,0.005397926,0.010795851,0,0.005397926,0.010795851,0.010795851,0.005397926,0,0,nan,nan,nan,nan,nan,nan,nan,nan,nan,nan,nan,nan,nan,nan,nan,nan,nan,nan,nan,nan,nan,nan,nan,nan
patient213_5,0,0,-1,-1,0,0,0.001334097,0.001144464,0.000743244,0.001171003,0.000978823,0.000631436,0.000851728,0.001845319,0.002361013,0.002707047,0.001969721,0.001196606,0,0,0.010795851,0.010795851,0,0.005397926,0.010795851,0,0,0,0,0,nan,nan,nan,nan,nan,nan,nan,nan,nan,nan,nan,nan,nan,nan,nan,nan,nan,nan,nan,nan,nan,nan,nan,nan
patient213_6,0,0,-1,-1,0,0,0.001298895,0.001213102,0.000764102,0.00118152,0.000955162,0.00071529,0.000828029,0.001799898,0.002252609,0.002626959,0.001985488,0.001245766,0,0,0.005379439,0.010758879,0.005379439,0,0.005379439,0.005379439,0.005379439,0,0,0,nan,nan,nan,nan,nan,nan,nan,nan,nan,nan,nan,nan,nan,nan,nan,nan,nan,nan,nan,nan,nan,nan,nan,nan
patient213_7,0,0,-1,-1,0,0,0.001257149,0.001117426,0.000762121,0.001111472,0.000933863,0.000671311,0.000813968,0.001840357,0.002256316,0.00257207,0.001883328,0.00116764,0.005324733,0.005324733,0.005324733,0.005324733,0.005324733,0.005324733,0.005324733,0.005324733,0.005324733,0.005324733,0.005324733,0.005324733,nan,nan,nan,nan,nan,nan,nan,nan,nan,nan,nan,nan,nan,nan,nan,nan,nan,nan,nan,nan,nan,nan,nan,nan
patient213_8,0,0,-1,-1,0,0,0.001305492,0.001130675,0.000790546,0.001137646,0.00098061,0.000692424,0.000870135,0.001820251,0.002244269,0.002617159,0.001969188,0.001204984,0.010703893,0.005351947,0,0.005351947,0.010703893,0.005351947,0.005351947,0.010703893,0.010703893,0.010703893,0.010703893,0.010703893,nan,nan,nan,nan,nan,nan,nan,nan,nan,nan,nan,nan,nan,nan,nan,nan,nan,nan,nan,nan,nan,nan,nan,nan
patient213_9,0,0,-1,-1,0,0,0.001321763,0.001076399,0.000826917,0.001124062,0.001007644,0.000611463,0.000862181,0.00164502,0.002148422,0.002555638,0.001893402,0.00113485,0.005324733,0.005324733,0.010649467,0.005324733,0.005324733,0.005324733,0,0.005324733,0.005324733,0.005324733,0.010649467,0.005324733,nan,nan,nan,nan,nan,nan,nan,nan,nan,nan,nan,nan,nan,nan,nan,nan,nan,nan,nan,nan,nan,nan,nan,nan
patient213_10,0,0,-1,-1,0,0,0.001336816,0.001167529,0.000775699,0.001175649,0.00098896,0.000680003,0.000935955,0.001711417,0.00216157,0.002587022,0.002028244,0.00127092,0,0,0.005370244,0.005370244,0,0,0.005370244,0,0,0,0,0,nan,nan,nan,nan,nan,nan,nan,nan,nan,nan,nan,nan,nan,nan,nan,nan,nan,nan,nan,nan,nan,nan,nan,nan
patient213_11,0,0,-1,-1,0,0,0.001302899,0.001169658,0.000839106,0.001152041,0.000987834,0.000732484,0.00085112,0.001811078,0.002339242,0.002616986,0.001883028,0.001136413,0,0,0.010722159,0.010722159,0,0.00536108,0.010722159,0,0,0,0.00536108,0,nan,nan,nan,nan,nan,nan,nan,nan,nan,nan,nan,nan,nan,nan,nan,nan,nan,nan,nan,nan,nan,nan,nan,nan
patient213_12,0,0,-1,-1,0,0,0.001294895,0.001111009,0.000796065,0.001122266,0.000976814,0.000660969,0.000859655,0.001862846,0.002114097,0.002523397,0.001985023,0.001227408,0.005370244,0,0,0,0.005370244,0,0.005370244,0,0.005370244,0,0,0,nan,nan,nan,nan,nan,nan,nan,nan,nan,nan,nan,nan,nan,nan,nan,nan,nan,nan,nan,nan,nan,nan,nan,nan
patient213_13,0,0,-1,-1,0,0,0.00130003,0.001098354,0.000802702,0.001117816,0.000992969,0.000637159,0.000835029,0.001796198,0.002255041,0.00259875,0.001899041,0.001165886,0.010649467,0.010649467,0,0,0.010649467,0.010649467,0,0.010649467,0.010649467,0.010649467,0.010649467,0.010649467,nan,nan,nan,nan,nan,nan,nan,nan,nan,nan,nan,nan,nan,nan,nan,nan,nan,nan,nan,nan,nan,nan,nan,nan
patient202_0,0,0,-1,-1,0,0,0.000888844,0.001057655,0.000794685,0.000878255,0.000651126,0.000842051,0.001085864,0.00183294,0.002438878,0.002401219,0.002355226,0.001573198,0,0,0.005342845,0.010685689,0.005342845,0.005342845,0.005342845,0.005342845,0,0,0,0,nan,nan,nan,nan,nan,nan,nan,nan,nan,nan,nan,nan,nan,nan,nan,nan,nan,nan,nan,nan,nan,nan,nan,nan
patient202_1,0,0,-1,-1,0,0,0.000911902,0.001039501,0.000757295,0.000872278,0.000655197,0.000808937,0.000948551,0.001628321,0.002436688,0.002395724,0.002345882,0.001577427,0.005288877,0.005288877,0.005288877,0.005288877,0.005288877,0.005288877,0,0,0.005288877,0.005288877,0.005288877,0.005288877,nan,nan,nan,nan,nan,nan,nan,nan,nan,nan,nan,nan,nan,nan,nan,nan,nan,nan,nan,nan,nan,nan,nan,nan
patient202_2,0,0,-1,-1,0,0,0.000939259,0.001195993,0.000780645,0.000978607,0.000622312,0.000911011,0.0010652,0.001745147,0.002575187,0.002453873,0.002340475,0.001584644,0.005351947,0.005351947,0,0,0.005351947,0.005351947,0,0.005351947,0.005351947,0.005351947,0.005351947,0.005351947,nan,nan,nan,nan,nan,nan,nan,nan,nan,nan,nan,nan,nan,nan,nan,nan,nan,nan,nan,nan,nan,nan,nan,nan
patient202_3,0,0,-1,-1,0,0,0.000933459,0.00111817,0.000710942,0.000950648,0.000595413,0.000826706,0.000989611,0.001638663,0.002429124,0.002428426,0.00239332,0.001583573,0.010649467,0.010649467,0.010649467,0,0.010649467,0.010649467,0,0.010649467,0.010649467,0.010649467,0.010649467,0.010649467,nan,nan,nan,nan,nan,nan,nan,nan,nan,nan,nan,nan,nan,nan,nan,nan,nan,nan,nan,nan,nan,nan,nan,nan
patient202_4,0,0,-1,-1,0,0,0.00091347,0.001212886,0.000836687,0.000960019,0.000631562,0.000946457,0.001007477,0.001630756,0.002562076,0.002489289,0.00229413,0.001441852,0.005271129,0.010542257,0.010542257,0,0,0.010542257,0,0,0.005271129,0.005271129,0.005271129,0.005271129,nan,nan,nan,nan,nan,nan,nan,nan,nan,nan,nan,nan,nan,nan,nan,nan,nan,nan,nan,nan,nan,nan,nan,nan
patient202_5,0,0,-1,-1,0,0,0.000976486,0.001112244,0.000701226,0.000960195,0.000652791,0.000811945,0.001018774,0.001549222,0.002229538,0.002348854,0.002450493,0.001675303,0.005315724,0.005315724,0.005315724,0,0.005315724,0.005315724,0,0,0.005315724,0.005315724,0.005315724,0.005315724,nan,nan,nan,nan,nan,nan,nan,nan,nan,nan,nan,nan,nan,nan,nan,nan,nan,nan,nan,nan,nan,nan,nan,nan
patient202_6,0,0,-1,-1,0,0,0.000940386,0.001203778,0.000764395,0.000981797,0.000606731,0.000911698,0.001066605,0.001653065,0.002390911,0.002323537,0.002361633,0.001630719,0,0,0,0.005297795,0.005297795,0,0.005297795,0.005297795,0.005297795,0.005297795,0.005297795,0.005297795,nan,nan,nan,nan,nan,nan,nan,nan,nan,nan,nan,nan,nan,nan,nan,nan,nan,nan,nan,nan,nan,nan,nan,nan
patient202_7,0,0,-1,-1,0,0,0.000952842,0.001167332,0.000718449,0.000973415,0.000614277,0.000857034,0.001062566,0.001714099,0.0024207,0.002413324,0.002370401,0.001560565,0.005333774,0.005333774,0.005333774,0,0,0.005333774,0,0,0.005333774,0.005333774,0.005333774,0.005333774,nan,nan,nan,nan,nan,nan,nan,nan,nan,nan,nan,nan,nan,nan,nan,nan,nan,nan,nan,nan,nan,nan,nan,nan
patient202_8,0,0,-1,-1,0,0,0.000967062,0.001090204,0.000825671,0.000926861,0.000706372,0.000869989,0.001009157,0.001686431,0.002382653,0.00232671,0.002280464,0.001580207,0,0.005342845,0.005342845,0.010685689,0,0.005342845,0.005342845,0.005342845,0.005342845,0,0,0,nan,nan,nan,nan,nan,nan,nan,nan,nan,nan,nan,nan,nan,nan,nan,nan,nan,nan,nan,nan,nan,nan,nan,nan
patient202_9,0,0,-1,-1,0,0,0.000942663,0.001113215,0.000852964,0.000914176,0.000678865,0.000909706,0.00099082,0.001669544,0.002293139,0.002297089,0.002324298,0.001616819,0.005279988,0.005279988,0.010559975,0.010559975,0.005279988,0.005279988,0.010559975,0.010559975,0.010559975,0.005279988,0.005279988,0.005279988,nan,nan,nan,nan,nan,nan,nan,nan,nan,nan,nan,nan,nan,nan,nan,nan,nan,nan,nan,nan,nan,nan,nan,nan
patient202_10,0,0,-1,-1,0,0,0.000950158,0.001077325,0.000698943,0.000930982,0.000621,0.000791886,0.000984476,0.001619203,0.002344744,0.002445521,0.002464297,0.001688373,0,0,0.005370244,0.005370244,0,0.005370244,0.005370244,0.005370244,0.005370244,0,0,0,nan,nan,nan,nan,nan,nan,nan,nan,nan,nan,nan,nan,nan,nan,nan,nan,nan,nan,nan,nan,nan,nan,nan,nan
patient202_11,0,0,-1,-1,0,0,0.000928535,0.001244283,0.000977005,0.00097205,0.000702988,0.001029444,0.001012594,0.001659419,0.002301666,0.002356246,0.002357358,0.001580819,0.005324733,0.005324733,0.005324733,0.005324733,0.005324733,0.005324733,0.005324733,0,0.005324733,0.005324733,0.005324733,0.005324733,nan,nan,nan,nan,nan,nan,nan,nan,nan,nan,nan,nan,nan,nan,nan,nan,nan,nan,nan,nan,nan,nan,nan,nan
patient202_12,0,0,-1,-1,0,nan,0.000958242,0.001141579,0.000695906,0.000964144,0.000623194,0.000823695,0.001059442,0.001583143,0.002327773,0.002381269,0.00241543,0.001659461,0,0,0,0,0,0,0,0,0,0,0,0,nan,nan,nan,nan,nan,nan,nan,nan,nan,nan,nan,nan,nan,nan,nan,nan,nan,nan,nan,nan,nan,nan,nan,nan
patient202_13,0,0,-1,-1,0,nan,0.000968483,0.001353853,0.001067512,0.001060922,0.000709892,0.001139015,0.001045411,0.001583787,0.002390256,0.002242691,0.002005618,0.001416715,0,0,0,0,0,0,0,0,0,0,0,0,nan,nan,nan,nan,nan,nan,nan,nan,nan,nan,nan,nan,nan,nan,nan,nan,nan,nan,nan,nan,nan,nan,nan,nan
patient175_0,0,0,-1,-1,0,0,0.001189532,0.00201394,0.001448597,0.001476159,0.00085188,0.00165548,0.001159478,0.001006964,0.002323521,0.002130701,0.001671745,0.001299926,0,0,0,0.015947171,0.005315724,0,0.010631447,0,0.005315724,0.005315724,0,0,nan,nan,nan,nan,nan,nan,nan,nan,nan,nan,nan,nan,nan,nan,nan,nan,nan,nan,nan,nan,nan,nan,nan,nan
patient175_1,0,0,-1,-1,0,0,0.001107193,0.001884271,0.001338813,0.001381956,0.000820773,0.001533749,0.001274126,0.001081445,0.002362862,0.002077517,0.001626308,0.001289509,0.005324733,0.005324733,0.005324733,0.005324733,0.005324733,0.005324733,0.005324733,0.005324733,0.005324733,0.005324733,0.005324733,0.005324733,nan,nan,nan,nan,nan,nan,nan,nan,nan,nan,nan,nan,nan,nan,nan,nan,nan,nan,nan,nan,nan,nan,nan,nan
patient175_2,0,0,-1,-1,0,0,0.001267234,0.001894124,0.001320244,0.001454511,0.000893347,0.001504965,0.001200912,0.001038605,0.002247933,0.001972387,0.001571267,0.001272857,0,0,0,0.005315724,0.005315724,0,0.005315724,0.005315724,0.005315724,0,0,0,nan,nan,nan,nan,nan,nan,nan,nan,nan,nan,nan,nan,nan,nan,nan,nan,nan,nan,nan,nan,nan,nan,nan,nan
patient175_3,0,0,-1,-1,0,0,0.001198304,0.001929297,0.001477567,0.001419669,0.000915211,0.001614608,0.001233051,0.001061426,0.002270724,0.002110543,0.001630098,0.001315471,0.005315724,0.010631447,0.010631447,0.010631447,0.005315724,0.010631447,0,0.005315724,0.005315724,0.005315724,0.005315724,0.005315724,nan,nan,nan,nan,nan,nan,nan,nan,nan,nan,nan,nan,nan,nan,nan,nan,nan,nan,nan,nan,nan,nan,nan,nan
patient206_0,0,0,-1,-1,0,0,0.000959651,0.001182282,0.000790598,0.000942784,0.000691645,0.000921548,0.000541194,0.002403746,0.002544134,0.002315602,0.001810054,0.001241664,0,0.005333774,0.016001321,0.016001321,0,0.005333774,0,0.010667547,0.010667547,0.010667547,0.005333774,0.005333774,nan,nan,nan,nan,nan,nan,nan,nan,nan,nan,nan,nan,nan,nan,nan,nan,nan,nan,nan,nan,nan,nan,nan,nan
patient206_1,0,0,-1,-1,0,0,0.000996186,0.001260461,0.000794356,0.001009418,0.000696302,0.000956036,0.000512292,0.002205488,0.002435881,0.00229431,0.001855054,0.001252728,0.016001321,0.010667547,0.005333774,0.005333774,0.016001321,0.010667547,0.010667547,0.016001321,0.016001321,0.016001321,0.016001321,0.016001321,nan,nan,nan,nan,nan,nan,nan,nan,nan,nan,nan,nan,nan,nan,nan,nan,nan,nan,nan,nan,nan,nan,nan,nan
patient206_2,0,0,-1,-1,0,0,0.001072893,0.001354725,0.000873028,0.001099821,0.000730071,0.001019469,0.00067883,0.002331754,0.002411636,0.002363255,0.00177272,0.001221837,0.005342845,0.005342845,0.005342845,0.005342845,0.010685689,0.005342845,0.005342845,0,0.005342845,0.005342845,0.005342845,0.005342845,nan,nan,nan,nan,nan,nan,nan,nan,nan,nan,nan,nan,nan,nan,nan,nan,nan,nan,nan,nan,nan,nan,nan,nan
patient206_3,0,0,-1,-1,0,0,0.001024964,0.001269713,0.000857668,0.001012036,0.000738323,0.00098164,0.000519697,0.002408685,0.002395708,0.002346362,0.001925346,0.001262427,0.005370244,0.005370244,0.005370244,0,0.005370244,0.005370244,0,0.005370244,0.005370244,0.005370244,0.005370244,0.005370244,nan,nan,nan,nan,nan,nan,nan,nan,nan,nan,nan,nan,nan,nan,nan,nan,nan,nan,nan,nan,nan,nan,nan,nan
patient206_4,0,0,-1,-1,0,0,0.001118221,0.001330397,0.000770339,0.001111063,0.000759479,0.000961875,0.000506039,0.002433333,0.002485559,0.002292732,0.001826968,0.001248927,0,0,0.005370244,0.005370244,0,0,0,0.005370244,0.005370244,0,0,0,nan,nan,nan,nan,nan,nan,nan,nan,nan,nan,nan,nan,nan,nan,nan,nan,nan,nan,nan,nan,nan,nan,nan,nan
patient206_5,0,0,-1,-1,0,0,0.000911416,0.001226776,0.000809291,0.000959418,0.000634439,0.000958219,0.000507839,0.002241947,0.002444942,0.002251493,0.00194633,0.001297292,0.016110732,0.016110732,0.010740488,0,0.016110732,0.010740488,0.010740488,0.010740488,0.010740488,0.010740488,0.010740488,0.010740488,nan,nan,nan,nan,nan,nan,nan,nan,nan,nan,nan,nan,nan,nan,nan,nan,nan,nan,nan,nan,nan,nan,nan,nan
patient206_6,0,0,-1,-1,0,0,0.000971158,0.001277971,0.000786868,0.001014715,0.000637144,0.000969718,0.000470259,0.00243672,0.002506286,0.002285014,0.001839357,0.001219947,0.010685689,0.010685689,0.010685689,0,0.005342845,0.010685689,0.005342845,0.010685689,0.010685689,0.010685689,0.010685689,0.010685689,nan,nan,nan,nan,nan,nan,nan,nan,nan,nan,nan,nan,nan,nan,nan,nan,nan,nan,nan,nan,nan,nan,nan,nan
patient206_7,0,0,-1,-1,0,0,0.000986881,0.001231659,0.000898885,0.000963517,0.000716397,0.000991923,0.000501829,0.002322001,0.002222358,0.002211127,0.001831008,0.001206622,0.005351947,0.005351947,0.005351947,0,0.005351947,0.005351947,0,0.005351947,0,0,0,0,nan,nan,nan,nan,nan,nan,nan,nan,nan,nan,nan,nan,nan,nan,nan,nan,nan,nan,nan,nan,nan,nan,nan,nan
patient206_8,0,0,-1,-1,0,nan,0.000866279,0.0012139,0.000847468,0.000921615,0.000615665,0.000973438,0.000613921,0.002372676,0.002511208,0.002422393,0.001942887,0.001317296,0,0,0,0,0,0,0,0,0,0,0,0,nan,nan,nan,nan,nan,nan,nan,nan,nan,nan,nan,nan,nan,nan,nan,nan,nan,nan,nan,nan,nan,nan,nan,nan
patient206_9,0,0,-1,-1,0,0,0.001017925,0.001301791,0.000779252,0.001044838,0.000685099,0.000978945,0.000471472,0.002441792,0.002490531,0.002316263,0.001814085,0.001251079,0.005370244,0.005370244,0.005370244,0,0.005370244,0.005370244,0,0,0,0.005370244,0.005370244,0.005370244,nan,nan,nan,nan,nan,nan,nan,nan,nan,nan,nan,nan,nan,nan,nan,nan,nan,nan,nan,nan,nan,nan,nan,nan
patient206_10,0,0,-1,-1,0,nan,0.000998919,0.001220084,0.000831952,0.000986574,0.00071354,0.000948494,0.000509918,0.002423405,0.002473021,0.002213222,0.001763331,0.00119842,0,0,0,0,0,0,0,0,0,0,0,0,nan,nan,nan,nan,nan,nan,nan,nan,nan,nan,nan,nan,nan,nan,nan,nan,nan,nan,nan,nan,nan,nan,nan,nan
patient206_11,0,0,-1,-1,0,0,0.001127616,0.001370824,0.000797139,0.001135797,0.000746779,0.000999882,0.000532022,0.002176477,0.002374768,0.002333295,0.001893728,0.001322241,0.010795851,0.010795851,0,0,0.010795851,0.005397926,0.005397926,0,0,0.005397926,0.005397926,0.005397926,nan,nan,nan,nan,nan,nan,nan,nan,nan,nan,nan,nan,nan,nan,nan,nan,nan,nan,nan,nan,nan,nan,nan,nan
patient206_12,0,0,-1,-1,0,0,0.001028595,0.001274928,0.000831947,0.001027982,0.000738846,0.000964523,0.000549112,0.002371092,0.002441839,0.002178521,0.001790641,0.001216418,0,0.00536108,0.010722159,0.00536108,0,0.00536108,0.00536108,0.00536108,0,0.00536108,0.00536108,0.00536108,nan,nan,nan,nan,nan,nan,nan,nan,nan,nan,nan,nan,nan,nan,nan,nan,nan,nan,nan,nan,nan,nan,nan,nan
patient206_13,0,0,-1,-1,0,nan,0.000948742,0.001285374,0.000845366,0.000996648,0.000662887,0.001001658,0.000550416,0.002208922,0.002357106,0.002330945,0.001858662,0.00126993,0,0,0,0,0,0,0,0,0,0,0,0,nan,nan,nan,nan,nan,nan,nan,nan,nan,nan,nan,nan,nan,nan,nan,nan,nan,nan,nan,nan,nan,nan,nan,nan
patient220_0,0,0,-1,-1,0,0,0.000725234,0.001031107,0.000929189,0.000744388,0.000674097,0.000915362,0.002554184,0.002975402,0.002611842,0.001626102,0.001218256,0.000989804,0.010667547,0.005333774,0.005333774,0.016001321,0.010667547,0.005333774,0.005333774,0.005333774,0.005333774,0.005333774,0.005333774,0.010667547,nan,nan,nan,nan,nan,nan,nan,nan,nan,nan,nan,nan,nan,nan,nan,nan,nan,nan,nan,nan,nan,nan,nan,nan
patient220_1,0,0,-1,-1,0,0,0.000697653,0.001015748,0.000884108,0.00074775,0.000635295,0.000886812,0.002430393,0.002787637,0.002467263,0.001507782,0.00114547,0.001006172,0.005342845,0.010685689,0.005342845,0.005342845,0.005342845,0.005342845,0.005342845,0.005342845,0.005342845,0.010685689,0.005342845,0.005342845,nan,nan,nan,nan,nan,nan,nan,nan,nan,nan,nan,nan,nan,nan,nan,nan,nan,nan,nan,nan,nan,nan,nan,nan
patient220_2,0,0,-1,-1,0,0,0.000728767,0.000967078,0.000838058,0.000737141,0.000630058,0.000840825,0.002506444,0.002913173,0.002522468,0.001512663,0.001181473,0.001017799,0.005370244,0.005370244,0,0,0.005370244,0,0,0,0,0,0,0.005370244,nan,nan,nan,nan,nan,nan,nan,nan,nan,nan,nan,nan,nan,nan,nan,nan,nan,nan,nan,nan,nan,nan,nan,nan
patient220_3,0,0,-1,-1,0,0,0.000835408,0.001047965,0.000974468,0.000834733,0.000685326,0.00087229,0.002480666,0.002854287,0.002470471,0.001469449,0.001207158,0.001065904,0.010649467,0.010649467,0.010649467,0,0.005324733,0.010649467,0,0,0,0,0.010649467,0.010649467,nan,nan,nan,nan,nan,nan,nan,nan,nan,nan,nan,nan,nan,nan,nan,nan,nan,nan,nan,nan,nan,nan,nan,nan
patient220_4,0,0,-1,-1,0,0,0.000745145,0.001010514,5.05E-42,0.000798382,0.000588435,0.000823866,0.002415742,0.002775201,0.002345387,0.00138987,0.001197277,0.001015862,0.005297795,0.005297795,0.010595591,0.010595591,0.005297795,0.005297795,0.010595591,0.010595591,0.010595591,0.005297795,0.005297795,0.005297795,nan,nan,nan,nan,nan,nan,nan,nan,nan,nan,nan,nan,nan,nan,nan,nan,nan,nan,nan,nan,nan,nan,nan,nan
patient220_5,0,0,-1,-1,0,0,0.00074755,0.001064783,6.04E-211,0.000812031,0.000629493,0.000892726,0.002278445,0.00266975,0.00230391,0.001429201,0.001196855,0.001066539,0.005306744,0.010613489,0,0,0.005306744,0.005306744,0,0,0,0.005306744,0.005306744,0.010613489,nan,nan,nan,nan,nan,nan,nan,nan,nan,nan,nan,nan,nan,nan,nan,nan,nan,nan,nan,nan,nan,nan,nan,nan
patient220_6,0,0,-1,-1,0,0,0.000793922,0.001055469,0,0.000854358,0.000605349,0.000834099,0.002373439,0.002686595,0.002377015,0.001615336,0.001204111,0.000986814,0.005306744,0.005306744,0,0.005306744,0.005306744,0.005306744,0.005306744,0.005306744,0.005306744,0.005306744,0.010613489,0.010613489,nan,nan,nan,nan,nan,nan,nan,nan,nan,nan,nan,nan,nan,nan,nan,nan,nan,nan,nan,nan,nan,nan,nan,nan
patient220_7,0,0,-1,-1,0,0,0.000730095,0.001017686,0,0.000752615,0.000661101,0.000886107,0.002287061,0.002635318,0.002332301,0.001448712,0.00116554,0.000992026,0,0.005262299,0,0,0,0.005262299,0,0,0,0,0,0,nan,nan,nan,nan,nan,nan,nan,nan,nan,nan,nan,nan,nan,nan,nan,nan,nan,nan,nan,nan,nan,nan,nan,nan
patient220_8,0,0,-1,-1,0,0,0.000728556,0.001158104,0,0.000841491,0.000661182,0.000976328,0.002263122,0.002601726,0.002358075,0.001499286,0.001169222,0.001041154,0,0.005297795,0,0,0,0.005297795,0.005297795,0.005297795,0.005297795,0.005297795,0.005297795,0.005297795,nan,nan,nan,nan,nan,nan,nan,nan,nan,nan,nan,nan,nan,nan,nan,nan,nan,nan,nan,nan,nan,nan,nan,nan
patient220_9,0,0,-1,-1,0,0,0.000731101,0.001116301,0,0.000839783,0.000620878,0.000938005,0.002380481,0.002682992,0.002241213,0.001411415,0.001190792,0.000982191,0.005279988,0.005279988,0,0,0,0.005279988,0,0,0,0.005279988,0.005279988,0.005279988,nan,nan,nan,nan,nan,nan,nan,nan,nan,nan,nan,nan,nan,nan,nan,nan,nan,nan,nan,nan,nan,nan,nan,nan
patient220_10,0,0,-1,-1,0,0,0.000722489,0.000998144,0,0.00075527,0.000634451,0.000860168,0.002473257,0.00277656,0.002334298,0.001436036,0.001170958,0.001028173,0,0,0,0.005279988,0,0,0.005279988,0.005279988,0.005279988,0.005279988,0,0,nan,nan,nan,nan,nan,nan,nan,nan,nan,nan,nan,nan,nan,nan,nan,nan,nan,nan,nan,nan,nan,nan,nan,nan
patient220_11,0,0,-1,-1,0,0,0.000695417,0.001046699,0,0.000797417,0.000558516,0.000848204,0.002348753,0.002720848,0.002345509,0.001437712,0.001127896,0.00094898,0.005315724,0,0,0.005315724,0.005315724,0,0.005315724,0.005315724,0.005315724,0.005315724,0.005315724,0.005315724,nan,nan,nan,nan,nan,nan,nan,nan,nan,nan,nan,nan,nan,nan,nan,nan,nan,nan,nan,nan,nan,nan,nan,nan
patient220_12,0,0,-1,-1,0,0,0.000776145,0.001073796,0,0.000827513,0.000617704,0.000877898,0.002420269,0.00273508,0.002326272,0.001420887,0.001207012,0.001035633,0,0,0,0.005279988,0,0,0,0,0,0.005279988,0.005279988,0,nan,nan,nan,nan,nan,nan,nan,nan,nan,nan,nan,nan,nan,nan,nan,nan,nan,nan,nan,nan,nan,nan,nan,nan
patient220_13,0,0,-1,-1,0,0,0.000794595,0.001129327,0,0.000872877,0.000650447,0.000936856,0.002233871,0.002573447,0.002227195,0.001433637,0.001213773,0.001068783,0.010577753,0.010577753,0,0,0.005288877,0.005288877,0,0.005288877,0.005288877,0.005288877,0.005288877,0.010577753,nan,nan,nan,nan,nan,nan,nan,nan,nan,nan,nan,nan,nan,nan,nan,nan,nan,nan,nan,nan,nan,nan,nan,nan
